"persons","age","contacted_by_phone","voted_last_election","donation"
2,74,1,1,474
2,24,1,1,1158
2,81,1,1,3872
2,34,1,0,0
2,54,1,1,0
2,65,1,1,0
2,52,1,1,3101
2,44,1,1,1332
2,52,1,1,0
2,30,1,0,0
2,57,1,1,0
2,73,1,1,0
2,26,1,0,0
2,38,1,0,0
2,61,1,1,0
2,77,1,1,334
2,53,1,1,0
2,46,1,1,0
2,76,1,1,774
2,55,1,1,4000
2,84,1,0,0
2,45,1,1,0
2,40,1,0,0
2,44,1,1,1244
2,33,1,1,2878
2,60,1,1,2857
2,76,1,1,1902
2,71,1,1,0
2,43,1,1,971
2,66,1,1,0
2,79,1,1,0
2,48,1,1,4000
2,62,1,1,2877
2,78,1,1,1874
2,55,1,1,1048
2,72,1,1,1382
2,53,1,1,0
2,89,1,1,3390
2,86,1,1,0
2,75,1,1,0
2,47,1,0,0
2,28,1,1,708
2,51,1,0,1872
2,73,1,1,559
2,78,1,1,0
2,38,1,1,3510
2,80,1,1,4000
2,75,1,1,0
2,79,1,0,0
2,72,1,0,798
2,75,1,0,0
2,65,1,0,0
2,52,1,0,1648
2,74,0,1,185
2,37,0,1,837
2,78,0,1,1068
2,21,0,1,492
2,43,0,1,723
2,28,0,0,1365
2,45,0,1,0
2,78,0,1,0
2,67,0,1,0
2,70,0,1,0
2,47,0,0,542
2,47,0,1,1774
2,40,0,1,0
2,78,0,1,0
2,92,0,0,0
2,26,0,0,0
2,64,0,1,3099
2,57,0,0,0
2,28,0,0,0
2,60,0,0,0
2,29,0,1,1182
2,47,0,0,0
2,39,0,1,0
2,79,0,1,111
2,43,0,1,0
2,55,0,0,4000
2,36,0,1,0
2,27,0,1,4000
2,51,0,1,2822
2,54,0,1,0
2,30,0,0,0
2,37,0,0,1312
2,37,0,0,0
2,79,0,1,930
2,61,0,0,0
2,79,0,1,0
2,42,0,1,0
2,40,0,0,17
2,75,0,1,1248
2,66,0,1,269
2,88,0,0,0
2,77,0,1,1412
2,41,0,0,0
2,47,0,0,7
2,65,0,0,3250
2,56,0,0,1352
2,38,0,1,0
2,54,0,0,0
2,50,0,1,591
2,59,0,1,0
2,57,0,1,0
2,65,0,1,4000
2,66,0,1,0
2,64,0,1,0
2,33,0,0,2067
2,25,0,1,2165
2,64,0,0,2973
2,43,0,0,0
2,46,0,0,229
2,45,0,0,141
2,20,0,0,66
2,46,0,1,0
2,34,0,1,0
2,86,0,1,1396
2,73,0,0,0
2,74,0,1,357
2,35,0,0,0
2,50,0,0,756
2,42,0,0,1299
2,61,0,1,1811
2,39,0,0,0
2,34,0,0,0
2,24,0,0,0
2,88,0,1,491
2,41,0,1,0
2,45,0,0,608
2,41,0,1,0
2,58,0,1,641
2,50,0,1,81
2,26,0,0,0
2,57,0,0,1750
2,57,0,0,0
2,83,0,0,0
2,64,0,0,67
2,33,0,1,937
2,58,0,1,0
2,65,0,1,1037
2,34,0,1,81
2,46,0,1,687
2,47,0,0,0
2,33,0,0,0
2,57,0,1,917
2,75,0,1,0
2,31,0,0,750
2,79,0,0,0
2,91,0,0,1358
2,42,0,0,0
2,76,0,1,0
2,62,0,1,0
2,39,0,0,1954
2,26,0,0,0
2,85,0,0,0
2,30,0,0,0
2,37,0,0,0
2,39,0,0,0
2,39,0,1,0
2,47,0,0,0
2,74,0,1,0
2,40,0,1,1375
2,34,0,1,0
2,36,0,0,563
2,74,0,1,663
2,89,0,0,0
2,58,0,0,1980
2,47,0,0,0
2,31,0,0,928
2,73,0,0,1048
2,39,0,0,0
2,37,0,1,2260
2,35,0,1,0
2,29,0,0,2179
2,41,0,1,0
2,34,0,0,991
2,46,0,0,0
2,56,0,1,0
2,33,0,0,1185
2,51,0,1,0
2,66,0,1,1693
2,62,0,1,0
2,80,0,1,275
2,82,0,1,0
2,47,0,1,1010
2,20,0,0,2005
2,40,0,1,0
2,61,0,0,1423
2,68,0,1,0
2,34,0,0,3924
2,73,0,1,0
2,52,0,1,0
2,35,0,0,0
2,35,0,0,246
2,73,0,1,0
2,43,0,1,281
2,76,0,1,0
2,45,0,1,2678
2,47,0,0,2164
2,49,0,0,1163
2,82,0,1,0
2,59,0,0,0
2,49,0,0,0
2,37,0,0,1918
2,74,0,0,642
2,61,0,1,0
2,26,0,0,877
2,48,0,0,0
2,38,0,0,0
2,48,0,1,0
2,50,0,1,437
2,36,0,1,3247
2,46,0,0,2311
2,34,0,0,0
2,85,0,1,2283
2,68,0,0,0
2,63,0,1,169
2,48,0,1,0
2,65,0,1,790
2,32,0,1,0
2,39,0,1,0
2,68,0,0,1144
2,26,0,0,20
2,19,0,0,0
2,61,0,1,1539
2,77,0,1,2000
2,25,0,1,721
2,69,0,1,0
2,73,0,1,0
2,46,0,1,0
2,38,0,0,0
2,22,0,1,0
2,35,0,0,0
2,49,0,0,986
2,53,0,1,0
2,36,0,0,74
2,57,0,1,0
2,20,0,0,929
2,51,0,1,0
2,33,0,1,1848
2,74,0,1,0
2,42,0,1,0
2,31,0,0,0
2,54,0,0,1123
2,44,0,0,364
2,64,0,1,326
2,49,0,1,0
2,38,0,0,0
2,53,0,1,0
2,41,0,0,0
2,63,0,1,1529
2,71,0,1,981
2,51,0,1,0
2,55,0,1,2671
2,48,0,1,0
2,42,0,1,0
2,27,0,0,0
2,60,0,1,0
2,58,0,1,3335
2,28,0,1,161
2,23,0,0,1862
2,47,0,0,1259
2,71,0,1,816
2,39,0,1,0
2,44,0,1,1517
2,43,0,1,1794
2,97,0,0,992
2,44,0,1,0
2,29,0,0,0
2,27,0,1,0
2,59,0,1,0
2,84,0,1,0
2,42,0,1,0
2,29,0,0,154
2,57,0,1,1835
2,44,0,1,932
2,28,0,0,0
2,89,0,1,0
2,32,0,1,0
2,49,0,1,854
2,42,0,0,0
2,81,0,0,0
2,68,0,0,0
2,32,0,1,2259
2,51,0,0,1678
2,53,0,1,0
2,38,0,1,2569
2,62,0,1,0
2,51,0,1,0
2,24,0,1,3841
2,33,0,1,0
2,22,0,0,1314
2,37,0,0,841
2,43,0,1,547
2,38,0,0,0
2,48,0,1,1660
2,29,0,0,0
2,75,0,1,230
2,60,0,1,0
2,53,0,0,0
2,41,0,1,0
2,35,0,0,1062
2,43,0,1,1491
2,50,0,1,261
2,20,0,0,0
2,39,0,1,0
2,71,0,1,1070
2,35,0,1,0
2,56,0,1,1300
2,30,0,0,0
2,52,0,1,922
2,57,0,1,2666
2,37,0,1,0
2,69,0,1,0
2,37,0,0,0
2,56,0,0,3177
2,65,0,0,0
2,42,0,0,720
2,50,0,0,0
2,74,0,1,0
2,35,0,1,365
2,53,0,1,0
2,53,0,1,718
2,57,0,1,0
2,22,0,0,0
2,78,0,1,0
2,46,0,1,0
2,33,0,1,0
2,69,0,1,1921
2,33,0,1,2911
2,34,0,0,3303
2,34,0,1,583
2,46,0,1,0
2,32,0,0,1993
2,53,0,1,0
2,44,0,0,288
2,45,0,1,0
2,37,0,0,1288
2,46,0,0,2753
2,41,0,0,0
2,64,0,1,0
2,55,0,1,566
2,29,0,0,4000
2,42,0,1,2044
2,73,0,0,0
2,34,0,0,0
2,59,0,1,208
2,35,0,0,2298
2,80,0,1,0
2,55,0,0,97
2,77,0,1,259
2,36,0,0,0
2,74,0,1,2280
2,35,0,0,0
2,49,0,0,0
2,42,0,0,0
2,20,0,0,2585
2,30,0,1,0
2,50,0,0,0
2,22,0,0,0
2,42,0,0,4000
2,59,0,1,386
2,48,0,0,3003
2,23,0,0,0
2,37,0,0,1427
2,59,0,0,1295
2,45,0,1,0
2,43,0,0,0
2,66,0,1,4000
2,50,0,1,0
2,35,0,0,2104
2,46,0,1,345
2,51,0,0,0
2,39,0,0,0
2,34,0,0,810
2,35,0,0,1358
2,43,0,0,0
2,71,0,1,0
2,46,0,0,0
2,29,0,1,2544
2,38,0,1,3495
2,38,0,0,3123
2,31,0,0,0
2,59,0,1,0
2,22,0,0,837
2,65,0,0,0
2,27,0,0,2057
2,38,0,0,782
2,56,0,1,0
2,49,0,1,0
2,31,0,0,2080
2,50,0,0,0
2,28,0,1,2871
2,52,0,1,445
2,80,0,1,0
2,56,0,0,0
2,48,0,1,1134
2,34,0,0,0
2,70,0,1,2510
2,46,0,0,0
2,23,0,0,0
2,34,0,0,0
2,33,0,0,0
2,47,0,1,0
2,57,0,0,1814
2,30,0,0,0
2,38,0,0,0
2,63,0,0,0
2,58,0,1,1744
2,43,0,0,0
2,32,0,1,748
2,44,0,0,0
2,24,0,0,0
2,47,0,1,0
2,45,0,1,0
2,35,0,1,0
2,36,0,0,3139
2,50,0,1,4000
2,77,0,1,2057
2,76,0,1,0
2,37,0,0,0
2,59,0,0,279
2,82,0,1,0
2,79,0,0,372
2,79,0,0,442
2,72,0,1,0
2,61,0,1,2658
2,52,0,0,2818
2,21,0,0,1536
2,59,0,1,0
2,46,0,0,2213
2,46,0,1,0
2,78,0,0,2689
2,47,0,0,0
2,56,0,1,4000
2,45,0,1,174
2,69,0,0,157
2,50,0,1,506
2,51,0,0,1874
2,74,0,0,0
2,73,0,1,0
2,47,0,1,527
2,63,0,1,1161
2,75,0,1,0
2,76,0,1,0
2,55,0,1,0
2,49,0,1,0
2,71,0,1,1411
2,72,0,0,0
2,35,0,0,0
2,27,0,0,201
2,37,0,1,0
2,75,0,1,580
2,71,0,1,453
2,77,0,0,0
2,84,0,0,3158
2,86,0,1,0
2,45,0,1,876
2,21,0,0,3610
2,78,0,1,528
2,43,0,1,0
2,34,0,0,0
2,25,0,0,2372
2,66,0,1,1651
2,22,0,1,3111
2,83,0,1,3312
2,56,0,1,1475
2,39,0,0,0
2,78,0,1,0
2,56,0,0,1110
2,36,0,1,1219
2,68,0,1,1967
2,73,0,1,0
2,41,0,0,0
2,83,0,0,0
2,33,0,1,0
2,45,0,0,579
2,43,0,0,0
2,28,0,0,1585
2,26,0,1,1002
2,52,0,1,0
2,48,0,0,0
2,50,0,1,0
2,51,0,1,0
2,39,0,0,0
2,48,0,0,476
2,30,0,0,0
2,42,0,1,741
2,59,0,0,0
2,40,0,1,1409
2,65,0,1,0
2,28,0,0,1407
2,73,0,0,1245
2,31,0,0,424
2,77,0,1,461
2,26,0,1,0
2,79,0,1,0
2,60,0,0,691
2,89,0,0,0
2,90,0,1,0
2,73,0,1,0
2,32,0,1,25
2,70,0,1,0
2,79,0,1,12
2,30,0,0,0
2,75,0,1,0
2,87,0,0,0
2,52,0,1,0
2,44,0,0,0
2,30,0,0,0
2,55,0,0,0
2,53,0,1,0
2,49,0,1,823
2,24,0,0,2416
2,50,0,1,0
2,68,0,1,728
2,54,0,0,0
2,59,0,0,3020
2,27,0,0,0
2,65,0,0,0
2,44,0,0,0
2,50,0,1,0
2,41,0,1,0
2,25,0,0,661
2,66,0,0,0
2,27,0,0,479
2,44,0,0,0
2,41,0,0,0
2,63,0,0,0
2,34,0,0,0
2,57,0,0,0
2,51,0,1,0
2,48,0,0,619
2,77,0,1,797
2,69,0,1,0
2,47,0,1,0
2,28,0,0,1803
2,46,0,0,4000
2,30,0,0,1234
2,25,0,0,972
2,77,0,1,3119
2,52,0,0,0
2,26,0,0,0
2,45,0,1,441
2,76,0,1,0
2,65,0,0,0
2,86,0,0,566
2,77,0,0,0
2,40,0,1,2175
2,46,0,1,1215
2,30,0,0,0
2,37,0,0,0
2,38,0,0,0
2,77,0,1,0
2,43,0,0,0
2,45,0,0,612
2,26,0,0,0
2,23,0,0,110
2,44,0,0,848
2,37,0,0,0
2,56,0,1,0
2,24,0,0,0
2,35,0,0,597
2,35,0,0,1962
2,43,0,0,1801
2,42,0,0,0
2,54,0,1,742
2,76,0,1,0
2,52,0,0,13
2,59,0,1,481
2,82,0,1,1995
2,27,0,0,0
2,26,0,1,0
2,67,0,1,234
2,64,0,1,192
2,23,0,0,701
2,26,0,0,0
2,27,0,0,953
2,38,0,0,234
2,50,0,1,1725
2,67,0,0,0
2,32,0,0,0
2,62,0,1,0
2,45,0,0,1260
2,52,0,0,0
2,64,0,1,0
2,75,0,1,735
2,28,0,0,1468
2,51,0,0,1242
2,39,0,0,1625
2,37,0,0,0
2,51,0,1,0
2,46,0,1,1431
2,28,0,0,1533
2,52,0,0,196
2,41,0,0,0
2,49,0,0,2090
2,70,0,0,1316
2,27,0,0,3080
2,40,0,0,0
2,53,0,0,0
2,75,0,1,1637
2,73,0,1,0
2,47,0,1,0
2,49,0,0,1673
2,78,0,0,2169
2,64,0,1,0
2,50,0,0,3483
2,68,0,0,1264
2,32,0,0,665
2,34,0,0,0
2,45,0,0,0
2,38,0,0,101
2,86,0,0,0
2,80,0,1,2417
2,69,0,0,0
2,80,0,1,1122
2,40,0,1,1445
2,31,0,1,691
2,40,0,0,2909
2,28,0,0,2478
2,79,0,1,354
2,65,0,0,3713
2,51,0,0,0
2,57,0,1,470
2,74,0,1,1259
2,34,0,0,943
2,53,0,1,0
2,47,0,1,1812
2,52,0,1,1108
2,31,0,0,0
2,76,0,0,772
2,75,0,0,2089
2,32,0,1,1093
2,54,0,1,0
2,45,0,1,48
2,70,0,0,0
2,51,0,1,0
2,74,0,1,0
2,62,0,1,2025
2,61,0,0,1924
2,55,0,0,1530
2,80,0,0,1457
2,74,0,1,1665
2,50,0,1,1728
2,83,0,1,3402
2,24,0,0,0
2,56,0,0,0
2,20,0,0,4000
2,20,0,0,0
2,20,0,0,0
2,54,0,0,0
2,74,0,1,133
2,47,0,0,978
2,51,0,1,0
2,82,0,1,372
2,40,0,1,0
2,83,0,0,0
2,63,0,0,799
2,65,0,1,0
2,46,0,0,1564
2,50,0,0,1376
2,79,0,0,0
2,47,0,0,454
2,57,0,1,0
2,40,0,1,90
2,44,0,1,0
2,30,0,0,0
2,47,0,1,32
2,30,0,1,0
2,48,0,1,0
2,41,0,0,0
2,57,0,0,1688
2,54,0,1,0
2,60,0,1,351
2,82,0,0,2795
2,53,0,0,0
2,32,0,1,0
2,37,0,1,1671
2,46,0,0,0
2,26,0,1,1253
2,69,0,0,336
2,22,0,0,1317
2,44,0,0,3049
2,28,0,0,1654
2,26,0,0,0
2,71,0,0,825
2,49,0,0,0
2,76,0,1,0
2,48,0,1,0
2,52,0,1,2872
2,30,0,1,1058
2,82,0,1,0
2,37,0,1,2860
2,68,0,1,1542
2,23,0,1,1839
2,93,0,0,2617
2,56,0,0,660
2,78,0,1,0
2,49,0,1,1289
2,72,0,1,0
2,18,0,0,0
2,73,0,0,3205
2,47,0,0,0
2,81,0,0,0
2,76,0,1,0
2,44,0,0,0
2,43,0,1,0
2,35,0,1,1827
2,53,0,0,1579
2,80,0,0,3059
2,37,0,0,2083
2,43,0,0,0
2,64,0,1,2427
2,46,0,0,0
2,50,0,0,0
2,49,0,1,1523
2,33,0,0,0
2,47,0,1,204
2,47,0,0,0
2,32,0,0,0
2,54,0,1,678
2,38,0,1,0
2,29,0,1,311
2,77,0,1,834
2,42,0,1,0
2,41,0,1,506
2,69,0,1,321
2,37,0,1,0
2,61,0,1,0
2,69,0,0,0
2,44,0,0,2402
2,22,0,0,2041
2,60,0,0,4000
2,90,0,0,0
2,45,0,0,1812
2,79,0,1,2030
2,46,0,0,3907
2,53,0,1,888
2,29,0,1,0
2,46,0,0,3702
2,45,0,0,0
2,32,0,1,0
2,41,0,0,2275
2,44,0,1,773
2,37,0,1,0
2,46,0,0,23
2,31,0,0,0
2,50,0,0,344
2,52,0,0,4000
2,42,0,1,0
2,22,0,1,0
2,58,0,0,1382
2,73,0,0,0
2,69,0,0,549
2,34,0,1,0
2,56,0,1,0
2,42,0,1,0
2,29,0,0,0
2,47,0,0,2944
2,61,0,0,0
2,43,0,0,3024
2,28,0,0,0
2,67,0,0,0
2,51,0,1,479
2,56,0,1,1038
2,53,0,0,0
2,47,0,1,0
2,46,0,0,0
2,34,0,0,589
2,37,0,0,0
2,65,0,1,636
2,65,0,1,0
2,42,0,1,3407
2,49,0,1,997
2,42,0,1,0
2,53,0,1,0
2,76,0,0,0
2,41,0,0,2058
2,75,0,1,0
2,58,0,0,0
2,80,0,0,605
2,26,0,0,0
2,87,0,0,3446
2,58,0,1,1739
2,50,0,1,0
2,56,0,1,182
2,40,0,0,2005
2,34,0,0,1282
2,60,0,1,1061
2,38,0,1,3282
2,66,0,1,99
2,48,0,1,1007
2,43,0,1,155
2,33,0,0,0
2,74,0,1,0
2,35,0,1,997
2,49,0,0,1721
2,82,0,1,196
2,52,0,0,2817
2,50,0,1,0
2,77,0,1,960
2,30,0,0,0
2,72,0,0,1820
2,71,0,1,0
2,45,0,1,1493
2,38,0,1,1067
2,52,0,1,4000
2,38,0,1,0
2,81,0,1,0
2,48,0,1,91
2,68,0,1,453
2,52,0,0,0
2,77,0,0,2169
2,70,0,1,0
2,51,0,1,741
2,45,0,0,2
2,72,0,1,133
2,29,0,0,382
2,48,0,1,0
2,70,0,1,0
2,43,0,1,1662
2,42,0,1,0
2,28,0,0,719
2,40,0,0,0
2,80,0,0,403
2,61,0,1,0
2,39,0,1,3413
2,56,0,1,518
2,50,0,1,82
2,42,0,1,136
2,24,0,1,647
2,38,0,1,0
2,42,0,1,943
2,39,0,0,1503
2,24,0,1,680
2,22,0,0,0
2,28,0,0,1861
2,30,0,0,2085
2,33,0,0,0
2,39,0,0,1245
2,20,0,0,1049
2,45,0,0,0
2,42,0,1,2580
2,49,0,0,0
2,40,0,1,0
2,41,0,0,0
2,33,0,1,652
2,70,0,0,2274
2,38,0,0,1660
2,29,0,0,879
2,78,0,1,0
2,76,0,1,2492
2,48,0,1,0
2,46,0,1,398
2,39,0,0,383
2,74,0,1,0
2,48,0,1,0
2,54,0,0,2144
2,33,0,0,0
2,82,0,1,3510
2,29,0,0,0
2,34,0,0,0
2,49,0,0,0
2,72,0,1,1176
2,42,0,0,0
2,62,0,1,0
2,89,0,1,2275
2,27,0,1,3397
2,69,0,1,0
2,42,0,1,2346
2,75,0,1,2270
2,45,0,1,0
2,92,0,0,0
2,34,0,0,0
2,41,0,0,0
2,46,0,0,2793
2,30,0,0,0
2,56,0,0,486
2,60,0,1,0
2,83,0,1,415
2,27,0,0,2110
2,35,0,0,0
2,63,0,0,1278
2,19,0,0,0
2,71,0,0,434
2,60,0,1,0
2,43,0,1,841
2,73,0,1,0
2,31,0,0,3085
2,31,0,0,1995
2,43,0,1,0
2,58,0,0,0
2,66,0,0,0
2,47,0,0,0
2,35,0,0,2310
2,29,0,1,499
2,33,0,0,0
2,57,0,1,0
2,37,0,0,311
2,68,0,1,0
2,49,0,1,0
2,37,0,1,0
2,63,0,1,0
2,59,0,1,4000
2,40,0,1,0
2,19,0,0,764
2,31,0,0,0
2,42,0,1,990
2,24,0,0,0
2,55,0,1,0
2,80,0,0,0
2,46,0,0,2393
2,60,0,1,4000
2,54,0,1,799
2,42,0,0,0
2,34,0,0,0
2,39,0,0,1824
2,58,0,1,0
2,46,0,1,2472
2,72,0,1,1641
2,75,0,1,74
2,66,0,1,0
2,75,0,0,0
2,50,0,1,0
2,55,0,0,942
2,51,0,1,0
2,60,0,1,1825
2,36,0,0,3424
2,64,0,1,0
2,73,0,1,0
2,70,0,1,0
2,29,0,0,773
2,85,0,1,0
2,71,0,1,0
2,56,0,1,0
2,64,0,1,0
2,48,0,1,861
2,40,0,1,680
2,62,0,0,1819
2,33,0,0,0
2,51,0,0,0
2,53,0,1,1465
2,35,0,0,0
2,62,0,0,0
2,35,0,0,0
2,38,0,1,0
2,53,0,0,2632
2,50,0,0,0
2,53,0,0,99
2,41,0,0,0
2,60,0,1,2209
2,38,0,1,0
2,38,0,1,2149
2,70,0,1,0
2,41,0,0,0
2,54,0,1,2450
2,42,0,0,0
2,21,0,1,1474
2,39,0,0,0
2,55,0,0,0
2,77,0,0,0
2,37,0,0,0
2,45,0,1,0
2,21,0,0,565
2,44,0,0,0
2,42,0,1,0
2,76,0,1,3297
2,55,0,1,919
2,69,0,1,2122
2,76,0,1,0
2,34,0,0,0
2,54,0,1,1012
2,49,0,1,0
2,56,0,1,0
2,43,0,1,987
2,51,0,0,0
2,95,0,0,0
2,39,0,1,2996
2,46,0,1,992
2,67,0,0,0
2,36,0,0,0
2,57,0,1,0
2,19,0,0,0
2,37,0,1,0
2,36,0,1,3970
2,60,0,1,2517
2,57,0,1,1544
2,59,0,0,0
2,25,0,0,0
2,58,0,1,450
2,48,0,1,88
2,27,0,1,4000
2,54,0,1,418
2,64,0,1,96
2,44,0,0,2530
2,44,0,0,1071
2,79,0,0,0
2,65,0,1,0
2,62,0,0,0
2,47,0,1,0
2,25,0,0,3415
2,57,0,1,2514
2,34,0,0,0
2,70,0,1,175
2,19,0,0,0
2,34,0,0,80
2,49,0,0,0
2,37,0,1,4000
2,53,0,1,0
2,32,0,0,0
2,49,0,1,3249
2,60,0,0,0
2,57,0,1,0
2,39,0,1,1558
2,45,0,0,0
2,46,0,1,712
2,30,0,1,0
2,48,0,1,490
2,56,0,1,0
2,52,0,1,1087
2,52,0,1,0
2,46,0,1,0
2,44,0,1,0
2,51,0,1,4000
2,56,0,1,2312
2,42,0,1,0
2,55,0,1,872
2,54,0,0,1393
2,40,0,0,3742
2,76,0,1,2700
2,48,0,0,0
2,80,0,0,0
2,47,0,1,0
2,39,0,1,0
2,51,0,1,3579
2,24,0,0,1671
2,39,0,0,3001
2,64,0,1,875
2,48,0,0,0
2,42,0,1,0
2,37,0,1,747
2,38,0,0,0
2,51,0,1,0
2,72,0,1,0
2,58,0,0,1278
2,76,0,0,0
2,89,0,1,0
2,53,0,1,0
2,47,0,1,2802
2,28,0,0,112
2,79,0,1,404
2,43,0,0,0
2,35,0,0,2456
2,50,0,0,60
2,69,0,1,2946
2,22,0,0,1775
2,30,0,0,2797
2,40,0,1,0
2,33,0,1,334
2,57,0,0,0
2,59,0,0,0
2,72,0,1,0
2,46,0,1,0
2,71,0,1,1017
2,46,0,1,0
2,57,0,0,0
2,38,0,1,0
2,36,0,1,0
2,24,0,1,0
2,75,0,1,0
2,49,0,0,0
2,50,0,0,424
2,39,0,0,0
2,49,0,0,348
2,56,0,0,331
2,35,0,1,1376
2,52,0,1,739
2,43,0,1,208
2,65,0,1,0
2,46,0,0,655
2,60,0,1,0
2,79,0,1,0
2,74,0,0,0
2,60,0,1,0
2,37,0,1,0
2,42,0,0,1657
2,46,0,1,1866
2,40,0,1,3077
2,74,0,1,0
2,68,0,1,0
2,29,0,0,1112
2,84,0,0,3680
2,51,0,1,3201
2,37,0,0,558
2,50,0,1,0
2,64,0,1,1006
2,49,0,0,0
2,63,0,1,0
2,51,0,1,0
2,30,0,1,0
2,46,0,1,712
2,77,0,1,0
2,56,0,0,0
2,48,0,1,0
2,48,0,1,0
2,61,0,1,1313
2,56,0,0,0
2,43,0,1,3106
2,47,0,1,0
2,48,0,0,1780
2,68,0,1,0
2,53,0,1,328
2,50,0,0,0
2,25,0,0,1085
2,37,0,1,127
2,45,0,0,1525
2,61,0,0,0
2,68,0,1,1516
2,29,0,1,0
2,58,0,1,2727
2,68,0,1,2487
2,64,0,1,1104
2,28,0,1,0
2,54,0,1,0
2,72,0,1,1291
2,51,0,1,0
2,44,0,1,0
2,76,0,1,3029
2,61,0,0,1861
2,36,0,1,0
2,66,0,0,0
2,58,0,0,0
2,30,0,1,2569
2,70,0,1,0
2,80,0,1,393
2,74,0,0,4000
2,43,0,1,0
2,35,0,0,0
2,68,0,1,0
2,35,0,0,906
2,39,0,0,0
2,50,0,0,681
2,41,0,0,2387
2,39,0,0,0
2,55,0,1,1685
2,31,0,0,0
2,64,0,1,0
2,47,0,0,0
2,31,0,0,0
2,35,0,0,0
2,52,0,1,0
2,79,0,0,713
2,37,0,0,1748
2,79,0,0,0
2,54,0,1,0
2,65,0,1,0
2,59,0,0,3236
2,29,0,0,0
2,29,0,0,1192
2,91,0,0,0
2,56,0,0,3779
2,20,0,0,1585
2,42,0,1,4000
2,27,0,0,18
2,24,0,0,3119
2,52,0,0,2874
2,38,0,1,172
2,37,0,0,1112
2,87,0,1,2229
2,52,0,0,1013
2,50,0,0,0
2,26,0,0,0
2,36,0,1,1193
2,29,0,1,0
2,37,0,1,3199
2,61,0,0,0
2,74,0,0,708
2,61,0,0,1145
2,67,0,0,2295
2,25,0,0,0
2,48,0,1,3312
2,60,0,1,0
2,41,0,1,999
2,68,0,1,0
2,45,0,0,0
2,62,0,0,3916
2,49,0,1,1363
2,45,0,1,0
2,72,0,1,2277
2,42,0,1,0
2,37,0,0,0
2,47,0,1,1834
2,48,0,1,1367
2,61,0,0,1896
2,38,0,1,0
2,34,0,0,1722
2,46,0,1,1769
2,72,0,1,3387
2,67,0,1,1479
2,46,0,1,1574
2,66,0,1,282
2,30,0,0,622
2,84,0,1,0
2,49,0,1,1476
2,87,0,0,174
2,35,0,0,1320
2,36,0,0,563
2,74,0,0,0
2,76,0,1,1358
2,38,0,0,2154
2,59,0,1,0
2,78,0,1,773
2,59,0,1,0
2,37,0,1,3290
2,44,0,1,3777
2,22,0,0,0
2,42,0,0,0
2,30,0,1,1690
2,49,0,1,0
2,35,0,1,14
2,42,0,0,0
2,38,0,0,0
2,49,0,1,0
2,47,0,1,2239
2,85,0,1,0
2,44,0,1,0
2,49,0,1,0
2,35,0,0,3022
2,35,0,0,80
2,32,0,0,2384
2,43,0,1,722
2,24,0,0,0
2,31,0,0,0
2,49,0,0,0
2,55,0,1,2930
2,46,0,1,0
2,33,0,0,0
2,73,0,1,2445
2,50,0,0,961
2,42,0,1,0
2,57,0,1,0
2,80,0,0,767
2,41,0,1,3967
2,48,0,1,2220
2,36,0,1,0
2,46,0,1,0
2,52,0,0,0
2,56,0,1,0
2,41,0,1,0
2,83,0,1,0
2,48,0,0,0
2,33,0,0,986
2,33,0,1,0
2,41,0,1,3265
2,70,0,1,3092
2,34,0,1,0
2,81,0,0,0
2,57,0,0,723
2,30,0,1,864
2,40,0,1,2698
2,47,0,1,0
2,84,0,0,0
2,36,0,0,0
2,65,0,1,0
2,80,0,1,0
2,78,0,0,0
2,41,0,1,2745
2,47,0,0,2064
2,37,0,1,1485
2,41,0,0,0
2,59,0,1,2030
2,28,0,0,0
2,56,0,1,1948
2,25,0,1,517
2,28,0,1,0
2,38,0,1,3126
2,30,0,0,2219
2,72,0,0,4000
2,38,0,0,0
2,72,0,1,1269
2,40,0,1,0
2,39,0,0,2422
2,39,0,0,1244
2,26,0,0,1856
2,26,0,0,0
2,82,0,1,0
2,86,0,1,0
2,45,0,1,0
2,44,0,1,0
2,30,0,0,0
2,41,0,1,0
2,73,0,0,0
2,76,0,0,0
2,58,0,0,1758
2,65,0,1,869
2,57,0,0,305
2,48,0,1,614
2,77,0,1,1241
2,71,0,1,0
2,76,0,1,363
2,63,0,1,0
2,41,0,0,423
2,39,0,0,4000
2,61,0,1,1906
2,34,0,0,1556
2,61,0,0,2115
2,85,0,0,2710
2,46,0,0,0
2,54,0,0,80
2,20,0,1,0
2,27,0,0,1199
2,70,0,1,0
2,62,0,0,862
2,54,0,1,71
2,61,0,1,0
2,38,0,1,3341
2,49,0,1,2511
2,80,0,1,227
2,43,0,1,0
2,72,0,1,403
2,63,0,1,1553
2,52,0,0,2297
2,34,0,0,2814
2,76,0,0,0
2,30,0,1,0
2,42,0,0,1652
2,49,0,1,0
2,61,0,0,0
2,79,0,1,422
2,73,0,1,0
2,32,0,0,3751
2,38,0,0,0
2,26,0,0,3479
2,33,0,0,0
2,50,0,1,0
2,78,0,0,0
2,49,0,0,1132
2,59,0,1,0
2,32,0,0,0
2,48,0,0,0
2,36,0,0,957
2,22,0,0,1966
2,36,0,0,0
2,60,0,1,4000
2,29,0,0,0
2,63,0,1,0
2,76,0,1,0
2,45,0,1,957
2,31,0,0,0
2,75,0,1,23
2,52,0,1,1373
2,58,0,1,468
2,62,0,1,0
2,42,0,0,0
2,64,0,0,1173
2,79,0,1,0
2,29,0,0,4000
2,25,0,0,0
2,22,0,0,2453
2,69,0,1,0
2,25,0,0,0
2,83,0,1,825
2,20,0,0,308
2,40,0,1,0
2,37,0,1,846
2,77,0,1,239
2,84,0,1,0
2,63,0,1,0
2,39,0,1,450
2,52,0,1,709
2,32,0,0,1486
2,33,0,1,1748
2,78,0,1,884
2,27,0,1,0
2,80,0,1,0
2,38,0,1,0
2,78,0,1,2005
2,76,0,0,742
2,51,0,1,1079
2,92,0,0,0
2,75,0,1,0
2,79,0,1,0
2,71,0,1,0
2,35,0,0,2292
2,43,0,1,0
2,63,0,0,343
2,68,0,1,118
2,62,0,0,0
2,24,0,0,1197
2,60,0,0,0
2,40,0,1,0
2,45,0,0,0
2,44,0,1,0
2,82,0,1,0
2,81,0,1,0
2,74,0,1,0
2,89,0,0,0
2,51,0,1,0
2,47,0,0,0
2,73,0,0,0
2,83,0,0,1399
2,42,0,1,994
2,31,0,1,0
2,40,0,1,0
2,32,0,0,3204
2,32,0,0,0
2,35,0,0,0
2,77,0,0,397
2,64,0,1,0
2,36,0,0,1736
2,50,0,0,0
2,52,0,0,348
2,35,0,0,0
2,58,0,1,0
2,76,0,1,331
2,47,0,1,0
2,56,0,0,623
2,39,0,0,3489
2,57,0,0,0
2,44,0,0,455
2,43,0,0,0
2,43,0,1,3650
2,19,0,0,0
2,24,0,0,2086
2,51,0,1,0
2,76,0,1,0
2,63,0,1,1284
2,43,0,0,768
2,51,0,0,0
2,40,0,0,1852
2,42,0,0,0
2,49,0,0,0
2,48,0,0,0
2,34,0,1,0
2,40,0,0,2946
2,34,0,0,4
2,54,0,1,59
2,40,0,1,4000
2,75,0,0,299
2,59,0,0,0
2,59,0,0,752
2,81,0,1,4000
2,46,0,1,2288
2,21,0,1,0
2,86,0,1,900
2,28,0,0,0
2,51,0,0,1088
2,35,0,0,0
2,25,0,0,0
2,61,0,1,0
2,32,0,0,0
2,49,0,0,3108
2,45,0,0,2291
2,54,0,0,0
2,43,0,0,1704
2,63,0,1,2446
2,35,0,0,812
2,59,0,1,1421
2,53,0,0,128
2,38,0,0,0
2,33,0,1,0
2,41,0,0,0
2,47,0,0,1399
2,59,0,0,2933
2,25,0,0,0
2,49,0,0,0
2,67,0,1,0
2,83,0,1,3286
2,84,0,1,0
2,20,0,0,0
2,56,0,1,643
2,44,0,1,271
2,55,0,1,0
2,58,0,1,776
2,28,0,0,2655
2,63,0,0,2225
2,51,0,1,514
2,46,0,1,0
2,45,0,0,467
2,47,0,0,0
2,49,0,0,808
2,88,0,1,3740
2,77,0,1,1125
2,39,0,1,2907
2,78,0,1,967
2,37,0,1,0
2,80,0,1,0
2,23,0,1,0
2,56,0,0,2244
2,51,0,1,0
2,43,0,1,2515
2,31,0,1,0
2,40,0,0,0
2,78,0,1,0
2,69,0,0,1616
2,71,0,1,0
2,34,0,0,0
2,30,0,1,0
2,43,0,1,310
2,50,0,1,1497
2,38,0,1,3573
2,27,0,0,0
2,74,0,0,3572
2,37,0,0,0
2,37,0,0,1874
2,34,0,0,0
2,62,0,1,0
2,40,0,1,0
2,45,0,1,0
2,76,0,1,0
2,31,0,1,0
2,61,0,1,0
2,76,0,1,0
2,38,0,1,0
2,51,0,1,0
2,28,0,0,252
2,50,0,0,1797
2,46,0,0,0
2,40,0,1,0
2,31,0,0,2077
2,56,0,1,0
2,48,0,1,1516
2,77,0,0,430
2,53,0,1,2365
2,49,0,1,1316
2,81,0,0,127
2,30,0,0,0
2,63,0,1,0
2,35,0,1,1646
2,72,0,1,0
2,72,0,1,0
2,81,0,1,722
2,77,0,0,2409
2,36,0,0,0
2,46,0,1,898
2,71,0,0,0
2,76,0,1,1405
2,74,0,1,1154
2,34,0,0,0
2,70,0,1,0
2,82,0,1,1685
2,70,0,1,0
2,34,0,0,1230
2,70,0,0,1483
2,68,0,1,0
2,75,0,1,3437
2,41,0,1,0
2,67,0,0,0
2,41,0,1,535
2,84,0,1,0
2,44,0,1,1969
2,40,0,1,0
2,36,0,0,617
2,23,0,0,2035
2,52,0,0,0
2,50,0,1,840
2,45,0,1,0
2,38,0,1,1708
2,71,0,1,2542
2,68,0,0,454
2,49,0,0,2945
2,92,0,1,0
2,31,0,1,0
2,57,0,1,296
2,25,0,0,1249
2,59,0,1,2772
2,37,0,1,222
2,67,0,1,0
2,24,0,0,0
2,60,0,0,0
2,67,0,1,2801
2,49,0,1,1738
2,21,0,0,2421
2,73,0,0,0
2,33,0,0,0
2,61,0,1,1745
2,47,0,1,2232
2,49,0,0,0
2,49,0,0,313
2,39,0,1,0
2,70,0,0,0
2,48,0,1,0
2,86,0,0,2878
2,40,0,0,0
2,29,0,0,145
2,56,0,0,0
2,38,0,0,4000
2,51,0,0,381
2,45,0,0,1798
2,66,0,0,0
2,81,0,1,507
2,37,0,1,0
2,69,0,1,0
2,48,0,1,0
2,57,0,1,0
2,55,0,0,1961
2,21,0,0,0
2,42,0,1,537
2,39,0,0,0
2,72,0,1,2368
2,69,0,1,2584
2,62,0,1,0
2,71,0,1,743
2,40,0,1,1414
2,90,0,0,0
2,78,0,1,0
2,64,0,1,0
2,39,0,1,425
2,81,0,0,0
2,81,0,1,0
2,59,0,1,2362
2,57,0,1,0
2,29,0,0,0
2,28,0,0,0
2,80,0,0,0
2,30,0,0,0
2,27,0,0,955
2,60,0,0,0
2,83,0,1,2887
2,36,0,0,0
2,24,0,0,1985
2,68,0,1,0
2,44,0,1,53
2,46,0,0,0
2,87,0,1,115
2,47,0,1,0
2,73,0,1,0
2,71,0,1,0
2,43,0,1,0
2,58,0,0,0
2,84,0,0,0
2,72,0,0,0
2,36,0,1,566
2,36,0,0,2586
2,84,0,1,0
2,33,0,1,1618
2,88,0,0,0
2,81,0,1,0
2,71,0,1,0
2,61,0,1,0
2,52,0,0,1735
2,49,0,0,0
2,61,0,0,1132
2,46,0,0,3098
2,54,0,0,0
2,38,0,1,2136
2,28,0,0,0
2,56,0,1,2017
2,44,0,1,0
2,58,0,0,1861
2,43,0,1,0
2,52,0,1,0
2,77,0,0,1573
2,26,0,0,1297
2,71,0,1,0
2,68,0,1,0
2,80,0,1,0
2,47,0,0,883
2,81,0,0,0
2,55,0,0,0
2,76,0,1,0
2,77,0,1,2349
2,43,0,1,0
2,41,0,1,1593
2,45,0,0,820
2,47,0,1,26
2,77,0,1,0
2,82,0,1,1613
2,31,0,1,0
2,35,0,1,0
2,59,0,1,1088
2,49,0,0,0
2,27,0,0,0
2,38,0,0,0
2,65,0,1,0
2,67,0,1,51
2,45,0,1,1025
2,51,0,1,0
2,68,0,1,0
2,57,0,0,0
2,87,0,1,64
2,33,0,1,372
2,52,0,1,2426
2,78,0,0,2291
2,34,0,0,0
2,39,0,1,1853
2,58,0,1,2481
2,37,0,0,0
2,42,0,0,588
2,44,0,1,0
2,51,0,0,0
2,61,0,0,2830
2,77,0,1,1306
2,36,0,1,0
2,34,0,1,145
2,33,0,1,0
2,25,0,0,2956
2,54,0,0,0
2,24,0,0,1389
2,84,0,0,0
2,55,0,1,1917
2,44,0,1,0
2,79,0,1,0
2,71,0,1,0
2,65,0,1,0
2,36,0,0,0
2,70,0,1,0
2,41,0,1,278
2,56,0,0,2
2,35,0,0,0
2,84,0,0,585
2,21,0,1,634
2,31,0,1,0
2,76,0,0,0
2,56,0,1,1893
2,82,0,1,873
2,79,0,1,0
2,31,0,0,0
2,48,0,1,4000
2,66,0,1,0
2,71,0,1,0
2,53,0,0,866
2,29,0,0,0
2,67,0,1,0
2,65,0,0,2514
2,19,0,0,0
2,51,0,1,1610
2,46,0,0,0
2,55,0,1,22
2,50,0,0,1740
2,41,0,1,352
2,49,0,0,0
2,36,0,1,1138
2,28,0,0,0
2,45,0,0,3934
2,34,0,0,0
2,25,0,0,1062
2,44,0,1,1155
2,38,0,0,3223
2,66,0,1,0
2,34,0,0,2714
2,70,0,1,0
2,39,0,0,0
2,23,0,1,0
2,69,0,0,3602
2,33,0,0,845
2,43,0,0,0
2,46,0,1,403
2,50,0,0,1624
2,28,0,0,0
2,28,0,0,0
2,52,0,1,2525
2,42,0,1,1404
2,42,0,0,231
2,74,0,1,0
2,41,0,1,0
2,58,0,1,1749
2,30,0,0,1378
2,62,0,1,3346
2,25,0,0,587
2,28,0,0,2871
2,37,0,1,2952
2,30,0,1,0
2,57,0,1,0
2,68,0,0,0
2,38,0,1,643
2,32,0,0,0
2,21,0,0,48
2,30,0,0,0
2,55,0,0,0
2,77,0,1,1428
2,41,0,1,909
2,23,0,0,151
2,30,0,0,889
2,82,0,0,0
2,70,0,0,0
2,56,0,0,0
2,37,0,0,345
2,32,0,0,0
2,22,0,0,1636
2,28,0,0,4000
2,47,0,0,3259
2,78,0,1,4000
2,88,0,1,0
2,65,0,0,0
2,43,0,1,0
2,80,0,0,440
2,74,0,1,0
2,59,0,0,1814
2,73,0,1,0
2,49,0,1,0
2,48,0,0,0
2,48,0,0,2110
2,57,0,1,2637
2,44,0,0,1437
2,79,0,0,0
2,45,0,1,3086
2,52,0,0,1383
2,24,0,0,981
2,27,0,0,0
2,32,0,1,931
2,75,0,0,0
2,48,0,1,662
2,42,0,1,344
2,59,0,1,0
2,51,0,1,784
2,52,0,1,0
2,25,0,0,50
2,50,0,0,803
2,30,0,0,0
2,61,0,0,3629
2,52,0,0,0
2,41,0,1,0
2,41,0,1,0
2,60,0,1,1122
2,66,0,1,0
2,47,0,1,0
2,75,0,1,0
2,31,0,0,0
2,23,0,0,0
2,40,0,1,0
2,40,0,1,0
2,66,0,1,28
2,77,0,1,0
2,27,0,0,3910
2,40,0,0,724
2,71,0,1,0
2,57,0,1,0
2,96,0,1,0
2,45,0,1,0
2,42,0,1,0
2,42,0,0,562
2,49,0,0,0
2,71,0,1,0
2,83,0,1,1243
2,94,0,0,0
2,51,0,1,0
2,40,0,1,1612
2,48,0,1,724
2,44,0,0,0
2,56,0,1,2630
2,54,0,0,0
2,58,0,1,0
2,54,0,1,0
2,80,0,0,0
2,83,0,1,3285
2,43,0,1,0
2,25,0,1,920
2,71,0,0,0
2,28,0,0,4000
2,57,0,1,0
2,86,0,0,4000
2,44,0,1,0
2,68,0,1,0
2,29,0,0,0
2,70,0,0,0
2,32,0,1,652
2,70,0,0,254
2,53,0,1,0
2,64,0,0,333
2,47,0,1,0
2,40,0,0,2301
2,43,0,1,4000
2,25,0,1,3625
2,47,0,1,3296
2,48,0,1,0
2,71,0,1,768
2,40,0,0,854
2,70,0,1,0
2,46,0,1,0
2,42,0,0,491
2,53,0,1,0
2,81,0,0,2401
2,53,0,0,0
2,42,0,1,0
2,73,0,1,754
2,66,0,1,0
2,22,0,1,0
2,85,0,1,2080
2,60,0,0,1691
2,46,0,0,2090
2,63,0,1,595
2,45,0,0,1322
2,45,0,1,298
2,30,0,0,0
2,44,0,1,518
2,42,0,0,936
2,31,0,0,0
2,71,0,1,0
2,64,0,1,1485
2,40,0,0,0
2,46,0,0,0
2,82,0,0,846
2,71,0,1,0
2,62,0,1,3113
2,37,0,1,1376
2,81,0,0,0
2,75,0,1,2117
2,50,0,1,3473
2,32,0,0,1669
2,68,0,0,0
2,71,0,1,0
2,75,0,1,422
2,46,0,1,0
2,53,0,1,0
2,66,0,1,0
2,42,0,1,390
2,73,0,1,0
2,43,0,0,23
2,46,0,0,407
2,56,0,0,534
2,48,0,1,0
2,45,0,0,0
2,37,0,1,989
2,75,0,1,3707
2,43,0,0,0
2,36,0,0,2792
2,77,0,1,1234
2,68,0,1,311
2,53,0,0,3486
2,67,0,1,0
2,49,0,1,0
2,50,0,0,2973
2,48,0,1,1246
2,35,0,0,0
2,59,0,1,0
2,52,0,0,0
2,37,0,0,1544
2,50,0,0,0
2,66,0,1,0
2,65,0,1,0
2,42,0,1,0
2,37,0,1,233
2,24,0,0,947
2,59,0,1,3761
2,78,0,1,0
2,47,0,0,248
2,38,0,1,812
2,41,0,1,0
2,57,0,0,209
2,59,0,0,1650
2,43,0,1,1229
2,33,0,0,844
2,37,0,1,0
2,54,0,1,228
2,51,0,1,551
2,48,0,1,0
2,33,0,1,0
2,30,0,0,1587
2,60,0,1,0
2,85,0,0,76
2,50,0,1,579
2,34,0,1,0
2,74,0,1,0
2,39,0,0,0
2,53,0,0,0
2,40,0,0,0
2,55,0,1,513
2,36,0,0,0
2,74,0,1,0
2,75,0,1,1315
2,78,0,1,1454
2,86,0,0,826
2,57,0,1,683
2,45,0,0,375
2,62,0,0,0
2,53,0,1,0
2,75,0,0,1230
2,39,0,1,850
2,36,0,1,0
2,79,0,1,1318
2,31,0,0,1778
2,40,0,1,215
2,27,0,1,0
2,52,0,1,1313
2,66,0,1,2513
2,65,0,1,1438
2,41,0,0,0
2,43,0,1,0
2,41,0,0,0
2,57,0,0,0
2,40,0,1,0
2,70,0,1,750
2,30,0,0,1081
2,72,0,1,1944
2,48,0,1,0
2,49,0,1,859
2,47,0,1,0
2,49,0,0,392
2,50,0,0,4000
2,73,0,0,0
2,51,0,1,803
2,76,0,0,0
2,65,0,1,0
2,76,0,1,69
2,47,0,0,2525
2,71,0,0,0
2,68,0,0,0
2,59,0,1,97
2,44,0,0,0
2,24,0,0,0
2,47,0,0,0
2,23,0,0,1415
2,40,0,0,0
2,45,0,0,0
2,66,0,0,0
2,71,0,1,0
2,80,0,1,1381
2,32,0,0,0
2,53,0,1,1784
2,55,0,1,0
2,45,0,0,0
2,69,0,1,1928
2,46,0,1,0
2,42,0,1,0
2,31,0,0,369
2,57,0,1,784
2,78,0,1,0
2,42,0,1,992
2,81,0,1,0
2,52,0,1,0
2,35,0,1,1415
2,34,0,1,1377
2,58,0,1,716
2,55,0,1,4000
2,36,0,1,329
2,60,0,1,1579
2,47,0,0,0
2,38,0,0,95
2,40,0,1,1963
2,41,0,0,2607
2,69,0,1,0
2,63,0,1,0
2,52,0,0,0
2,68,0,0,0
2,69,0,0,1452
2,37,0,0,0
2,59,0,1,263
2,57,0,0,0
2,19,0,0,492
2,69,0,0,0
2,42,0,0,4000
2,35,0,1,0
2,51,0,1,0
2,35,0,1,0
2,48,0,1,1733
2,69,0,0,0
2,68,0,1,2074
2,75,0,0,0
2,49,0,1,0
2,66,0,1,0
2,43,0,0,1611
2,73,0,1,1095
2,40,0,0,2281
2,55,0,0,0
2,43,0,0,991
2,73,0,1,0
2,28,0,0,0
2,58,0,0,19
2,48,0,0,1110
2,64,0,1,0
2,66,0,1,0
2,46,0,1,459
2,75,0,1,570
2,45,0,1,0
2,53,0,1,0
2,58,0,0,2022
2,65,0,1,0
2,30,0,0,3444
2,72,0,1,1167
2,71,0,1,0
2,80,0,1,0
2,48,0,1,1964
2,53,0,1,4000
2,52,0,1,536
2,76,0,1,1912
2,74,1,1,2188
1,78,1,1,911
2,24,1,1,0
1,34,1,0,221
2,81,1,1,2167
1,59,1,1,1144
1,82,1,0,2886
1,82,1,1,0
2,34,1,0,2769
1,60,1,1,0
1,22,1,0,2242
2,54,1,0,1932
2,65,1,1,1647
2,52,1,1,949
2,44,1,0,2544
2,52,1,1,0
2,30,1,0,189
2,57,1,1,0
2,73,1,1,2237
2,26,1,1,0
1,27,1,0,2711
1,87,1,0,1732
2,38,1,0,0
2,61,1,1,1371
2,77,1,0,584
1,80,1,1,1447
1,68,1,1,3616
2,53,1,1,1365
2,46,1,1,151
1,46,1,1,423
1,68,1,1,0
2,76,1,1,0
1,80,1,1,0
1,50,1,1,2564
1,44,1,1,738
2,55,1,0,0
1,62,1,1,0
2,84,1,1,52
2,45,1,1,1283
2,40,1,0,0
1,88,1,0,2117
1,38,1,0,1864
2,44,1,1,4000
1,85,1,1,524
2,33,1,0,0
1,48,1,0,0
1,96,1,1,1150
1,75,1,1,1223
1,85,1,1,1390
2,60,1,1,0
2,76,1,1,725
1,69,1,1,1583
2,71,1,1,377
1,79,1,1,0
2,43,1,1,1414
2,66,1,1,1669
1,68,1,1,350
1,80,1,1,517
1,40,1,1,1802
1,87,1,1,0
2,79,1,1,4000
2,48,1,1,2835
2,62,1,1,0
2,78,1,1,0
1,76,1,1,0
2,55,1,1,2787
1,39,1,0,0
1,81,1,0,363
2,72,1,0,2570
1,81,1,1,1694
2,53,1,1,0
1,71,1,1,1870
1,82,1,1,1657
1,72,1,1,0
2,89,1,1,0
1,77,1,1,0
1,29,1,0,3191
1,78,1,0,864
2,86,1,1,2844
1,81,1,1,2340
1,37,1,1,0
1,66,1,1,0
1,31,1,0,0
2,75,1,1,1395
1,28,1,0,2009
2,47,1,0,623
1,55,1,1,2504
1,38,1,0,0
1,83,1,0,2156
2,28,1,0,0
1,24,1,1,1920
2,51,1,1,0
1,61,1,0,845
2,73,1,1,0
1,37,1,1,0
1,39,1,0,4000
1,63,1,1,1710
1,79,1,0,0
2,78,1,1,727
1,61,1,0,0
2,38,1,0,4000
1,32,1,1,2123
1,63,1,0,2176
1,34,1,0,1413
1,84,1,1,2365
1,32,1,0,0
1,54,1,1,0
1,46,1,0,0
1,42,1,1,936
1,83,1,0,3774
1,50,1,0,2644
1,47,1,1,1494
1,77,1,1,1724
1,77,1,1,0
2,80,1,1,0
2,75,1,1,2427
1,25,1,1,3598
1,75,1,1,219
1,67,1,1,0
2,79,1,1,0
2,72,1,0,1451
2,75,1,0,0
1,79,1,0,169
1,83,1,0,0
1,48,1,1,0
1,77,1,1,0
1,78,1,1,0
1,76,1,1,1185
1,22,1,0,2672
1,71,1,0,480
1,65,1,0,0
1,73,1,0,541
1,86,1,1,0
1,90,1,0,1608
1,46,1,1,2523
2,65,1,0,0
1,44,1,0,431
1,27,1,0,0
1,57,1,0,2407
1,73,1,1,398
1,25,1,1,0
2,52,1,1,1567
1,76,1,1,835
1,32,1,1,3878
1,21,1,1,4000
1,43,0,0,0
1,57,0,1,0
2,74,0,1,359
2,37,0,1,64
1,52,0,0,0
1,48,0,0,2170
1,45,0,0,3251
2,78,0,1,86
2,21,0,1,1018
2,43,0,1,1759
1,82,0,1,0
2,28,0,0,0
2,45,0,1,3441
1,39,0,0,960
1,54,0,1,1353
1,81,0,1,492
2,78,0,1,0
1,44,0,0,0
1,51,0,1,0
2,67,0,0,0
1,19,0,0,760
1,35,0,0,0
1,24,0,1,0
1,30,0,1,896
2,70,0,0,3604
1,47,0,0,1527
2,47,0,1,13
2,47,0,1,0
2,40,0,1,0
2,78,0,1,0
2,92,0,1,1375
2,26,0,0,0
1,43,0,0,17
1,51,0,0,0
2,64,0,1,1175
2,57,0,0,1763
1,37,0,0,2694
2,28,0,0,0
1,26,0,0,310
1,40,0,0,0
2,60,0,0,1314
2,29,0,1,0
1,48,0,0,327
1,71,0,0,11
1,31,0,0,0
1,29,0,0,0
1,66,0,0,1469
1,42,0,0,0
1,57,0,1,0
1,38,0,1,725
1,52,0,0,0
2,47,0,0,0
1,66,0,0,0
1,25,0,0,0
1,53,0,1,0
2,79,0,1,906
2,43,0,1,516
1,28,0,0,2792
2,55,0,0,1218
1,50,0,1,0
1,24,0,0,0
1,56,0,1,1358
2,36,0,0,0
2,27,0,0,1907
2,51,0,1,0
1,46,0,1,0
2,54,0,1,4000
1,42,0,0,0
1,40,0,0,0
1,70,0,1,0
1,58,0,1,0
1,49,0,1,0
1,36,0,1,0
1,36,0,1,868
2,30,0,0,0
2,37,0,0,363
1,44,0,0,0
1,43,0,1,0
1,23,0,0,0
2,37,0,1,0
2,79,0,0,1508
1,34,0,0,1057
2,61,0,0,0
1,72,0,0,2613
1,36,0,1,2425
2,79,0,1,1598
2,42,0,1,2476
2,40,0,0,4000
2,75,0,1,0
1,28,0,0,2409
1,57,0,1,2962
1,51,0,0,1903
1,85,0,0,15
2,66,0,0,0
1,26,0,0,3431
2,88,0,0,0
1,68,0,1,0
1,68,0,0,0
1,69,0,0,0
2,77,0,1,0
2,41,0,1,4000
2,47,0,0,0
1,47,0,0,1639
1,83,0,1,49
1,36,0,1,0
2,65,0,0,0
2,56,0,0,1674
2,38,0,1,0
1,58,0,1,0
2,54,0,1,0
2,50,0,1,1698
2,59,0,1,497
2,57,0,1,0
2,65,0,1,3024
1,80,0,1,353
2,66,0,1,757
2,64,0,1,1345
1,56,0,1,1510
1,44,0,1,969
2,33,0,0,0
2,25,0,1,0
2,64,0,1,0
2,43,0,0,1705
1,66,0,1,0
1,78,0,1,1894
1,64,0,1,0
1,36,0,0,2408
1,82,0,0,0
1,81,0,0,0
2,46,0,1,438
2,45,0,1,389
1,60,0,0,0
1,74,0,0,0
2,20,0,0,2881
2,46,0,1,0
2,34,0,1,1893
2,86,0,1,0
2,73,0,0,1252
2,74,0,1,3419
2,35,0,0,1200
1,27,0,0,655
1,67,0,1,0
1,87,0,1,2171
1,30,0,0,108
1,35,0,0,0
2,50,0,0,0
2,42,0,0,2364
1,50,0,1,0
2,61,0,1,0
2,39,0,0,193
1,41,0,0,0
2,34,0,0,1900
1,34,0,1,1916
1,47,0,0,621
2,24,0,0,0
1,71,0,1,2273
2,88,0,1,0
2,41,0,1,1730
1,90,0,0,1241
2,45,0,0,212
1,26,0,0,996
2,41,0,1,0
2,58,0,1,496
1,36,0,1,593
1,76,0,1,2702
2,50,0,0,0
2,26,0,0,0
2,57,0,1,0
1,82,0,1,0
2,57,0,0,575
1,84,0,1,2285
2,83,0,1,2624
1,80,0,1,0
1,28,0,0,1103
1,78,0,0,539
1,76,0,0,0
2,64,0,0,0
1,36,0,0,483
1,87,0,1,635
1,34,0,0,4000
1,56,0,0,488
2,33,0,0,0
1,54,0,0,0
1,33,0,0,231
1,53,0,1,1490
1,53,0,1,1049
1,44,0,1,1620
2,58,0,1,0
1,34,0,1,2025
1,34,0,1,265
2,65,0,1,0
2,34,0,1,1804
2,46,0,1,0
1,30,0,0,1177
1,80,0,1,1555
1,71,0,1,2039
1,42,0,0,0
1,46,0,1,0
2,47,0,0,0
1,40,0,0,0
1,68,0,1,0
1,26,0,0,2621
2,33,0,0,0
1,51,0,0,0
2,57,0,1,0
1,81,0,1,144
2,75,0,0,0
1,35,0,1,0
2,31,0,1,970
2,79,0,0,1428
1,81,0,1,0
1,68,0,1,2099
1,66,0,0,133
2,91,0,0,329
1,75,0,0,0
2,42,0,0,3077
2,76,0,1,589
2,62,0,1,0
2,39,0,0,0
2,26,0,0,2012
1,70,0,0,4000
1,91,0,1,274
1,54,0,1,183
1,76,0,0,0
1,45,0,0,2036
1,85,0,0,549
1,38,0,1,1916
2,85,0,0,0
1,60,0,0,169
2,30,0,0,0
2,37,0,0,1619
1,28,0,0,0
2,39,0,0,1527
1,24,0,0,2037
1,73,0,1,0
1,34,0,0,1621
1,84,0,0,0
1,33,0,1,1678
2,39,0,1,0
1,31,0,0,182
1,29,0,0,1270
2,47,0,0,2177
2,74,0,1,4000
2,40,0,1,386
2,34,0,1,4000
2,36,0,0,0
1,46,0,1,1650
2,74,0,1,0
2,89,0,0,0
2,58,0,0,1497
1,26,0,0,0
2,47,0,0,3526
2,31,0,0,541
1,45,0,1,0
1,57,0,1,1989
2,73,0,0,878
1,32,0,1,0
1,43,0,0,0
1,40,0,0,1201
1,40,0,0,379
2,39,0,0,0
1,39,0,1,0
2,37,0,1,1293
1,28,0,0,1010
1,48,0,1,2111
1,20,0,1,0
2,35,0,1,0
1,31,0,0,0
1,70,0,1,838
1,49,0,1,638
1,47,0,1,0
1,51,0,1,0
1,84,0,0,0
1,27,0,0,0
2,29,0,0,3322
1,76,0,1,0
2,41,0,1,0
2,34,0,0,1079
1,48,0,0,257
2,56,0,1,0
1,71,0,0,0
2,33,0,0,1414
1,88,0,1,0
1,63,0,1,0
1,35,0,0,991
2,51,0,1,459
1,28,0,1,0
1,25,0,1,64
1,52,0,0,205
1,48,0,1,355
2,66,0,1,406
1,83,0,0,0
2,62,0,1,771
2,80,0,1,347
2,82,0,1,0
2,47,0,1,3488
1,67,0,0,1320
1,26,0,0,2189
2,20,0,1,1406
1,59,0,1,2592
1,42,0,0,0
1,32,0,0,995
2,40,0,1,0
1,40,0,0,807
1,47,0,0,1184
1,50,0,1,0
2,61,0,0,0
2,68,0,1,2156
2,34,0,0,679
2,73,0,1,0
2,52,0,0,0
1,53,0,1,1463
1,61,0,1,626
2,35,0,0,1984
1,91,0,0,0
2,35,0,0,0
2,73,0,1,0
2,43,0,1,0
2,76,0,1,0
2,45,0,1,0
1,71,0,1,0
2,47,0,0,3721
2,49,0,0,0
1,62,0,0,664
1,54,0,1,3413
2,82,0,1,2443
2,59,0,0,0
2,49,0,1,0
1,64,0,1,422
1,65,0,0,0
1,78,0,1,0
2,37,0,0,472
1,34,0,0,0
1,23,0,0,1336
1,27,0,1,0
1,52,0,1,0
1,65,0,0,0
1,46,0,1,0
2,74,0,0,2814
1,41,0,0,0
1,85,0,1,0
2,61,0,1,438
2,26,0,0,2337
2,48,0,0,0
1,76,0,1,0
2,38,0,0,3848
1,88,0,0,0
1,77,0,0,1498
1,54,0,0,0
2,48,0,1,0
2,50,0,1,0
2,36,0,1,0
2,46,0,0,1276
2,34,0,0,0
1,28,0,0,0
2,85,0,1,0
1,66,0,0,841
2,68,0,0,0
2,63,0,1,579
1,28,0,0,0
2,48,0,0,0
1,38,0,1,488
1,30,0,0,2163
1,28,0,0,0
1,75,0,1,1226
1,27,0,1,0
2,65,0,0,0
2,32,0,1,1078
1,27,0,0,0
2,39,0,1,0
1,79,0,1,0
2,68,0,0,0
1,50,0,0,2385
2,26,0,0,0
2,19,0,0,831
1,51,0,1,0
1,57,0,1,0
2,61,0,1,0
1,39,0,0,0
1,29,0,0,327
2,77,0,1,0
1,53,0,1,350
1,87,0,1,3360
2,25,0,1,0
2,29,0,0,0
2,69,0,1,1347
2,73,0,1,1325
1,23,0,0,0
1,52,0,1,106
2,46,0,0,0
2,38,0,0,1381
1,43,0,0,0
1,58,0,0,210
2,22,0,1,502
2,35,0,0,0
2,49,0,0,0
2,53,0,0,3115
2,36,0,0,3551
2,57,0,1,4000
1,36,0,1,2850
2,20,0,0,0
1,36,0,0,0
2,51,0,1,0
1,35,0,1,0
1,60,0,0,2252
1,63,0,1,2042
1,27,0,0,0
2,33,0,0,0
2,74,0,1,0
1,44,0,1,0
1,57,0,0,0
1,23,0,0,0
1,81,0,1,1234
2,42,0,1,0
2,31,0,0,0
1,30,0,0,0
2,54,0,0,0
1,81,0,0,0
1,66,0,1,0
1,61,0,1,1337
2,44,0,0,612
1,54,0,1,0
2,64,0,1,0
2,49,0,0,1548
1,54,0,0,0
2,38,0,1,2369
1,34,0,1,0
1,44,0,1,266
1,75,0,1,2098
2,53,0,0,0
1,26,0,1,47
1,34,0,0,0
1,60,0,0,1090
2,41,0,0,4000
2,63,0,1,2186
2,71,0,1,54
1,28,0,0,0
1,26,0,0,0
2,51,0,0,0
1,80,0,0,530
1,79,0,0,2600
1,57,0,1,0
1,37,0,0,1327
1,26,0,1,0
1,34,0,1,738
2,55,0,1,0
2,48,0,1,0
2,42,0,0,0
2,27,0,0,0
1,75,0,1,2712
2,60,0,1,1838
1,62,0,0,4000
2,58,0,1,0
2,28,0,0,3011
1,64,0,1,0
1,30,0,0,0
2,23,0,0,1460
1,23,0,0,0
2,47,0,0,0
2,71,0,0,1445
2,39,0,1,2395
1,46,0,1,3328
2,44,0,1,0
1,34,0,0,2443
1,59,0,0,0
2,43,0,0,1324
1,44,0,0,0
1,35,0,0,0
1,60,0,1,2080
1,73,0,1,4000
2,97,0,0,982
1,21,0,0,1116
2,44,0,0,0
1,27,0,0,4000
1,73,0,1,0
1,65,0,0,0
1,40,0,1,0
1,34,0,0,0
1,49,0,1,491
2,29,0,0,0
1,55,0,0,150
2,27,0,0,1664
1,52,0,1,0
1,23,0,0,141
2,59,0,1,346
2,84,0,0,810
2,42,0,1,853
1,25,0,1,535
1,89,0,0,2760
1,49,0,0,1789
1,51,0,1,0
1,30,0,0,2926
1,63,0,1,0
2,29,0,0,547
2,57,0,1,83
1,59,0,1,743
1,37,0,0,0
1,50,0,0,0
1,24,0,0,931
1,28,0,0,0
1,74,0,1,0
1,47,0,0,1118
2,44,0,1,2317
1,58,0,1,2831
1,27,0,0,3489
1,47,0,1,1046
1,25,0,1,0
1,84,0,0,2683
1,32,0,1,1131
1,76,0,1,0
1,33,0,0,0
2,28,0,1,348
1,91,0,0,0
2,89,0,0,0
1,54,0,0,0
1,86,0,1,0
1,48,0,1,0
2,32,0,1,1350
2,49,0,1,0
2,42,0,0,1400
1,40,0,1,2446
2,81,0,0,2241
1,41,0,1,4000
1,41,0,0,0
2,68,0,0,1512
1,22,0,0,891
2,32,0,1,3064
1,76,0,1,750
1,73,0,1,0
2,51,0,0,4000
1,36,0,0,243
1,87,0,1,1235
1,88,0,0,656
1,47,0,1,0
2,53,0,1,1548
2,38,0,0,198
2,62,0,1,520
2,51,0,1,0
1,39,0,1,2468
1,22,0,0,0
2,24,0,0,2400
1,39,0,0,0
1,64,0,1,1616
2,33,0,1,0
1,85,0,1,0
1,83,0,0,2175
2,22,0,0,609
1,34,0,0,3570
2,37,0,0,2138
1,21,0,1,207
1,37,0,0,0
1,41,0,1,0
1,24,0,0,0
1,24,0,0,0
2,43,0,0,471
1,49,0,1,0
2,38,0,0,1525
1,70,0,0,0
2,48,0,1,0
2,29,0,0,0
1,63,0,0,79
1,30,0,0,454
1,67,0,1,682
1,78,0,1,1137
2,75,0,1,1013
2,60,0,1,0
1,34,0,1,0
2,53,0,0,0
1,69,0,1,0
1,29,0,0,0
2,41,0,1,0
1,81,0,1,0
1,71,0,0,0
1,33,0,0,3823
1,60,0,1,803
2,35,0,1,645
2,43,0,0,627
1,69,0,1,1009
1,80,0,1,1344
2,50,0,1,1245
2,20,0,1,30
2,39,0,1,582
1,29,0,0,2880
1,41,0,1,0
1,74,0,0,0
1,58,0,0,0
1,58,0,0,0
1,58,0,0,0
1,29,0,0,1354
2,71,0,1,212
2,35,0,1,1365
1,51,0,0,0
1,44,0,0,0
2,56,0,1,0
1,55,0,1,0
2,30,0,1,0
2,52,0,1,0
2,57,0,1,0
1,39,0,1,0
1,45,0,0,0
1,44,0,0,0
1,35,0,0,0
1,34,0,0,0
2,37,0,1,0
1,80,0,0,342
2,37,0,0,0
2,56,0,0,0
1,71,0,1,515
2,65,0,0,0
1,42,0,1,1052
1,69,0,0,178
2,42,0,0,0
1,73,0,1,2326
2,50,0,0,757
1,53,0,0,2349
1,46,0,1,0
1,66,0,1,0
1,43,0,1,0
2,74,0,1,0
1,74,0,1,306
2,35,0,1,0
2,53,0,1,0
1,40,0,0,1705
2,53,0,1,0
1,42,0,1,0
2,57,0,1,1499
1,57,0,1,1416
1,48,0,0,0
1,44,0,1,0
1,42,0,0,0
1,38,0,0,4000
1,93,0,0,3155
2,78,0,1,1198
1,43,0,0,1185
1,78,0,1,0
1,41,0,0,1411
2,46,0,0,0
2,33,0,1,0
2,69,0,1,443
1,35,0,1,0
1,54,0,1,1773
1,54,0,1,2531
1,31,0,0,0
1,49,0,1,0
2,33,0,1,0
2,34,0,0,225
1,53,0,0,0
2,34,0,1,0
1,24,0,0,1233
2,46,0,0,2128
1,96,0,0,0
1,31,0,0,562
1,87,0,1,0
1,30,0,0,0
1,54,0,1,1317
1,40,0,0,0
1,46,0,1,0
1,28,0,1,1169
2,32,0,1,0
2,53,0,1,0
1,63,0,1,0
2,44,0,0,0
1,60,0,1,710
2,45,0,1,673
1,27,0,0,2102
1,54,0,0,537
1,79,0,0,0
1,36,0,1,0
2,37,0,0,0
1,79,0,1,0
1,48,0,1,0
1,80,0,0,3286
1,46,0,0,0
2,46,0,0,1338
2,41,0,0,0
1,44,0,1,3170
1,48,0,1,38
2,64,0,1,3936
1,28,0,0,0
1,31,0,0,2125
1,37,0,0,790
1,73,0,1,0
1,75,0,0,0
1,24,0,0,0
1,48,0,1,0
2,55,0,1,0
1,55,0,1,118
1,24,0,0,0
1,40,0,0,0
1,32,0,1,751
1,61,0,0,0
2,29,0,0,323
1,53,0,1,1129
1,51,0,1,0
1,64,0,0,0
2,42,0,1,0
1,24,0,0,0
1,32,0,0,0
1,41,0,0,0
2,73,0,0,0
1,41,0,0,497
1,54,0,0,2251
1,25,0,0,950
2,34,0,0,1220
1,28,0,1,915
1,43,0,0,25
1,61,0,1,0
1,54,0,1,0
1,77,0,1,0
1,88,0,0,0
2,59,0,1,0
1,92,0,0,1527
2,35,0,0,3112
2,80,0,0,0
1,31,0,0,0
1,43,0,0,0
2,55,0,1,1280
1,39,0,0,1102
1,70,0,1,1298
2,77,0,1,0
2,36,0,0,4000
1,64,0,0,0
2,74,0,1,0
2,35,0,0,2595
2,49,0,0,4000
1,34,0,0,0
1,36,0,0,1209
2,42,0,0,0
2,20,0,0,0
1,76,0,1,1321
2,30,0,0,0
1,81,0,0,433
2,50,0,0,1598
2,22,0,1,0
1,32,0,0,0
1,30,0,0,1395
1,44,0,1,2074
1,26,0,0,0
1,33,0,0,0
2,42,0,1,0
1,70,0,1,0
1,28,0,0,803
1,20,0,0,382
2,59,0,1,0
1,63,0,1,584
1,58,0,1,0
1,71,0,1,0
2,48,0,0,0
2,23,0,0,0
1,78,0,1,0
1,77,0,1,230
2,37,0,0,0
2,59,0,0,0
1,43,0,0,2285
1,43,0,0,2769
2,45,0,1,3886
1,52,0,0,617
1,29,0,1,0
1,38,0,0,0
2,43,0,0,0
1,30,0,0,0
1,34,0,0,1540
1,47,0,1,4000
1,70,0,1,0
1,52,0,0,0
1,69,0,1,3482
2,41,0,1,0
1,23,0,0,0
1,36,0,0,0
1,62,0,0,0
2,66,0,1,0
1,27,0,0,352
1,80,0,1,379
1,69,0,1,3444
2,94,0,0,0
1,28,0,0,0
2,50,0,1,2755
1,62,0,1,3875
2,35,0,0,0
2,46,0,1,2254
1,52,0,0,0
1,40,0,0,0
2,51,0,0,0
1,32,0,0,1612
2,39,0,0,0
1,85,0,0,1483
1,38,0,1,1501
1,53,0,1,646
2,34,0,0,0
1,50,0,1,0
2,35,0,0,0
1,68,0,0,4000
2,43,0,1,0
1,82,0,0,0
1,55,0,0,295
2,46,0,1,0
1,68,0,1,0
1,23,0,0,247
1,29,0,1,0
1,78,0,1,0
1,79,0,1,2257
2,29,0,1,0
2,38,0,1,1299
2,38,0,0,0
2,31,0,0,3694
2,59,0,1,0
2,22,0,0,0
1,73,0,0,41
1,69,0,1,3022
1,24,0,0,0
2,65,0,1,0
1,37,0,1,0
2,27,0,0,0
1,53,0,1,3780
1,50,0,1,0
2,38,0,0,0
2,56,0,0,2438
2,49,0,1,0
1,37,0,1,0
1,76,0,1,949
2,31,0,0,669
1,64,0,1,1246
2,50,0,0,0
1,55,0,1,1799
2,28,0,1,0
1,42,0,1,2515
1,50,0,1,2086
1,39,0,1,0
1,36,0,1,960
1,60,0,0,3306
1,49,0,0,0
2,52,0,1,0
2,80,0,0,0
1,33,0,1,1283
1,37,0,0,255
1,76,0,1,1334
1,39,0,0,329
1,84,0,0,1584
2,56,0,0,0
2,48,0,1,1076
1,42,0,1,0
2,34,0,1,3441
1,38,0,0,0
2,70,0,0,0
2,46,0,0,1810
2,23,0,0,0
2,34,0,0,0
2,33,0,0,565
2,47,0,1,1462
2,57,0,1,0
2,30,0,0,457
2,38,0,0,3472
1,58,0,1,0
1,57,0,1,366
1,38,0,1,130
2,63,0,0,0
1,37,0,1,0
1,40,0,0,0
1,59,0,1,0
2,28,0,0,3378
1,34,0,0,0
1,19,0,0,0
1,21,0,0,0
1,29,0,0,0
1,43,0,0,1420
1,73,0,1,359
1,43,0,1,0
2,58,0,1,1164
1,43,0,0,771
2,43,0,0,0
1,50,0,0,0
2,32,0,1,0
2,44,0,0,429
1,38,0,1,332
1,31,0,1,0
2,24,0,1,0
2,47,0,0,0
1,37,0,0,1367
1,47,0,1,0
2,45,0,1,1108
1,65,0,1,258
1,38,0,1,0
1,33,0,0,0
1,83,0,0,0
1,41,0,0,0
2,35,0,1,1257
2,36,0,0,0
1,30,0,0,0
1,30,0,0,1130
1,57,0,0,0
1,51,0,0,0
1,28,0,1,2431
2,50,0,0,4000
2,77,0,1,2698
1,71,0,1,3454
1,27,0,0,1207
2,76,0,1,0
2,37,0,0,0
1,31,0,0,1289
2,59,0,0,62
2,82,0,1,361
1,78,0,1,0
2,79,0,0,4000
2,79,0,0,0
1,71,0,1,276
1,52,0,1,780
1,53,0,0,0
1,84,0,0,13
1,43,0,1,0
2,72,0,1,2060
2,61,0,1,0
1,66,0,1,0
1,74,0,0,0
1,32,0,0,945
2,52,0,0,0
2,21,0,0,2099
2,59,0,1,0
1,32,0,0,0
1,37,0,0,3011
1,49,0,0,1055
1,68,0,1,0
2,46,0,0,2484
2,46,0,1,1259
1,47,0,1,0
2,78,0,0,0
1,66,0,1,4000
1,45,0,0,1849
2,47,0,0,54
2,56,0,1,251
1,38,0,0,1610
2,45,0,0,812
1,55,0,0,0
1,39,0,0,360
1,62,0,1,298
1,34,0,1,0
1,65,0,1,1482
1,49,0,0,0
1,22,0,0,1242
1,54,0,0,2720
2,69,0,0,0
1,33,0,0,3379
1,27,0,1,0
1,53,0,1,712
2,50,0,1,0
2,51,0,0,0
2,74,0,0,0
2,73,0,1,0
2,47,0,1,728
1,90,0,1,0
1,81,0,1,0
1,77,0,0,0
1,59,0,1,3482
1,39,0,0,0
2,63,0,0,2486
1,31,0,1,2991
1,73,0,0,0
2,75,0,1,2538
2,76,0,0,3040
2,55,0,0,1267
2,49,0,1,0
2,71,0,1,936
2,72,0,0,142
1,77,0,1,2290
2,35,0,0,2206
1,32,0,0,0
1,73,0,0,2437
2,27,0,0,0
1,38,0,0,705
2,37,0,1,1164
1,60,0,1,1141
2,75,0,0,177
1,32,0,0,3109
1,68,0,1,0
1,82,0,1,498
1,48,0,0,1324
1,41,0,1,0
1,84,0,0,0
2,71,0,1,0
2,77,0,1,2824
2,84,0,0,0
1,79,0,1,0
2,86,0,1,0
1,50,0,0,0
2,45,0,0,2218
1,33,0,0,0
2,21,0,0,814
2,78,0,1,0
1,68,0,0,0
1,26,0,0,3551
1,82,0,1,0
1,27,0,0,938
2,43,0,0,0
2,34,0,0,3804
1,79,0,0,287
2,25,0,0,0
1,34,0,0,835
1,39,0,0,0
1,47,0,0,0
1,74,0,1,0
2,66,0,0,0
1,50,0,1,420
2,22,0,0,0
1,72,0,1,1390
1,73,0,0,321
1,40,0,0,1550
2,83,0,1,0
1,32,0,0,1316
2,56,0,1,474
2,39,0,0,1575
1,42,0,0,1558
2,78,0,1,485
1,64,0,0,1975
1,72,0,0,3397
1,72,0,1,2956
1,84,0,1,0
1,26,0,0,2118
1,55,0,1,4000
1,58,0,0,2132
1,49,0,1,0
1,78,0,0,0
1,92,0,1,903
2,56,0,0,582
1,82,0,1,110
1,45,0,0,1221
1,83,0,0,0
1,83,0,0,0
2,36,0,1,137
2,68,0,0,3043
2,73,0,0,0
1,27,0,0,0
2,41,0,0,3557
2,83,0,0,1713
2,33,0,1,2976
2,45,0,0,0
1,27,0,1,0
1,32,0,0,3099
1,58,0,0,1593
2,43,0,1,1393
1,52,0,0,0
1,52,0,1,0
1,37,0,0,1844
2,28,0,0,0
1,69,0,1,0
2,26,0,0,143
1,84,0,0,0
2,52,0,1,0
1,54,0,1,1174
2,48,0,0,0
2,50,0,0,121
1,29,0,0,639
1,38,0,1,368
1,94,0,0,0
2,51,0,0,1308
2,39,0,0,0
2,48,0,0,0
1,48,0,1,0
2,30,0,0,0
2,42,0,1,0
2,59,0,0,0
2,40,0,1,0
1,61,0,1,4000
1,52,0,1,0
1,76,0,1,0
1,23,0,0,1504
2,65,0,1,0
2,28,0,0,759
1,31,0,1,0
1,29,0,0,0
1,38,0,0,1322
1,84,0,0,0
1,73,0,0,0
1,36,0,0,0
2,73,0,0,70
1,35,0,0,0
1,30,0,0,2364
1,92,0,0,1478
2,31,0,0,0
1,49,0,0,161
2,77,0,1,0
2,26,0,0,0
2,79,0,1,0
2,60,0,0,0
1,55,0,1,0
2,89,0,0,2532
1,32,0,0,0
2,90,0,1,1857
1,32,0,0,0
2,73,0,1,251
1,75,0,1,730
2,32,0,1,2629
1,35,0,1,800
1,44,0,0,2776
1,49,0,0,1049
1,41,0,0,0
1,80,0,1,0
2,70,0,1,871
2,79,0,1,0
1,50,0,1,0
1,26,0,0,2018
1,50,0,0,0
2,30,0,0,901
1,34,0,1,2705
1,35,0,1,41
1,78,0,1,2274
1,38,0,0,633
2,75,0,1,0
1,73,0,0,2613
2,87,0,0,927
1,54,0,1,0
2,52,0,1,1125
1,78,0,1,0
1,60,0,1,0
2,44,0,0,783
1,42,0,1,3970
1,55,0,1,0
1,66,0,1,0
1,24,0,0,965
2,30,0,0,751
1,79,0,0,0
1,48,0,0,0
1,83,0,0,823
1,29,0,0,0
1,48,0,1,690
1,37,0,1,4000
1,41,0,1,946
2,55,0,0,1602
2,53,0,1,0
2,49,0,1,0
2,24,0,0,0
1,59,0,0,3511
2,50,0,1,846
1,30,0,0,462
1,32,0,0,0
2,68,0,1,1507
1,77,0,1,0
1,90,0,0,229
2,54,0,0,521
1,34,0,1,0
1,44,0,1,207
1,38,0,1,2622
1,48,0,1,0
2,59,0,1,1659
1,42,0,1,2001
1,34,0,0,1642
1,82,0,0,283
2,27,0,0,1173
1,55,0,1,2719
1,65,0,1,2683
1,71,0,1,488
2,65,0,1,283
1,47,0,0,536
1,53,0,0,0
1,84,0,0,2224
1,44,0,1,1567
1,42,0,1,0
2,44,0,0,2252
2,50,0,0,0
1,34,0,1,0
1,24,0,0,0
1,59,0,1,0
1,49,0,0,0
1,50,0,0,2959
2,64,0,0,0
2,41,0,0,0
1,33,0,0,950
2,25,0,0,0
1,24,0,0,0
2,66,0,0,2657
1,59,0,1,0
1,38,0,0,629
2,27,0,0,1101
2,44,0,0,0
2,41,0,0,0
2,63,0,0,1815
2,34,0,0,0
2,57,0,0,0
1,51,0,1,371
1,87,0,0,0
2,51,0,1,733
1,37,0,1,337
2,48,0,0,469
1,54,0,1,0
1,35,0,0,3433
1,28,0,0,1799
1,48,0,0,0
1,24,0,0,1346
1,63,0,1,2128
2,77,0,1,0
1,61,0,1,0
1,75,0,1,2509
1,76,0,1,813
1,66,0,1,0
1,72,0,0,1566
2,69,0,1,0
2,47,0,1,416
1,77,0,0,0
1,23,0,0,0
1,66,0,0,929
1,28,0,1,1750
1,69,0,0,0
1,77,0,1,2018
1,22,0,0,1647
2,28,0,1,0
1,48,0,0,1998
2,46,0,0,0
1,42,0,1,2878
1,89,0,0,0
1,32,0,0,0
1,46,0,0,4000
1,30,0,0,1498
2,30,0,0,586
2,25,0,1,0
2,77,0,1,0
1,94,0,0,2866
2,52,0,0,136
1,49,0,0,0
1,90,0,1,2289
2,26,0,0,0
1,49,0,1,2135
1,72,0,1,0
2,45,0,0,2664
1,33,0,0,0
1,80,0,1,0
2,76,0,1,0
1,54,0,0,0
2,65,0,0,0
2,86,0,0,165
2,77,0,0,0
2,40,0,0,0
2,46,0,0,0
2,30,0,0,0
1,23,0,0,0
2,37,0,0,0
1,38,0,1,0
1,29,0,0,0
1,60,0,1,954
1,58,0,0,736
2,38,0,0,1447
2,77,0,1,2592
1,41,0,0,0
1,36,0,1,0
1,75,0,1,2475
1,34,0,0,0
2,43,0,0,0
2,45,0,0,0
2,26,0,0,0
1,51,0,1,0
1,63,0,0,3373
2,23,0,0,2660
2,44,0,0,1994
1,88,0,1,0
1,20,0,0,359
1,60,0,1,0
1,32,0,1,0
1,42,0,0,0
1,45,0,0,2409
2,37,0,0,0
2,56,0,1,0
2,24,0,0,0
1,26,0,0,2876
2,35,0,0,453
1,86,0,1,3920
1,41,0,1,0
1,50,0,0,57
2,35,0,1,1404
1,35,0,1,0
2,43,0,0,1910
2,42,0,0,0
2,54,0,1,495
1,50,0,1,4000
1,25,0,0,30
2,76,0,1,272
2,52,0,0,0
1,26,0,1,0
2,59,0,1,2240
1,73,0,1,0
2,82,0,1,0
2,27,0,0,2223
1,28,0,0,0
2,67,0,1,0
1,34,0,1,1248
2,64,0,1,0
1,54,0,0,275
1,43,0,0,3310
2,23,0,1,270
1,38,0,0,0
2,26,0,0,440
1,35,0,0,1717
1,49,0,0,2072
2,27,0,0,0
2,38,0,0,0
2,50,0,1,0
2,67,0,0,0
1,38,0,1,0
1,78,0,1,0
1,89,0,0,1796
1,76,0,0,0
1,50,0,0,1829
2,32,0,0,124
1,45,0,0,3035
2,62,0,1,0
1,84,0,0,680
2,45,0,0,0
2,52,0,0,0
1,78,0,1,0
2,64,0,1,0
1,74,0,0,0
2,75,0,1,476
1,68,0,1,0
1,29,0,1,1366
2,28,0,0,1356
1,51,0,1,1024
2,51,0,0,1360
2,39,0,1,0
1,76,0,1,0
2,37,0,0,0
1,55,0,0,0
1,50,0,0,0
2,51,0,1,2309
1,70,0,1,2306
1,58,0,0,0
1,47,0,0,2713
2,46,0,1,1725
2,28,0,0,0
1,39,0,0,3125
1,83,0,0,0
1,41,0,1,0
2,41,0,0,269
2,49,0,0,620
1,28,0,0,0
1,75,0,0,1629
2,70,0,0,0
2,27,0,0,2280
2,40,0,0,658
1,37,0,1,0
1,42,0,0,659
2,53,0,0,0
1,31,0,1,1007
2,75,0,1,1720
2,73,0,1,2587
2,47,0,1,0
1,39,0,1,0
2,49,0,1,0
2,78,0,1,0
1,71,0,0,1956
1,41,0,0,2996
1,20,0,0,368
1,32,0,0,622
1,69,0,1,676
2,64,0,1,1961
1,74,0,1,2135
2,50,0,0,1631
1,40,0,1,0
1,60,0,0,0
1,28,0,0,4000
2,68,0,0,0
1,25,0,0,0
1,89,0,0,0
2,32,0,1,4000
1,73,0,1,0
2,34,0,0,0
2,45,0,0,0
1,41,0,0,0
2,38,0,0,0
1,68,0,1,0
1,43,0,1,0
1,42,0,0,0
2,86,0,0,1646
2,80,0,1,1790
1,88,0,0,2338
1,75,0,0,0
1,71,0,0,887
2,69,0,0,3089
2,80,0,1,633
1,23,0,0,2239
1,65,0,0,0
1,69,0,1,0
2,40,0,1,0
2,31,0,1,1155
1,89,0,0,506
2,40,0,0,2386
1,22,0,0,0
1,36,0,0,0
2,28,0,0,4000
2,79,0,1,0
1,49,0,0,1327
1,44,0,0,1853
1,75,0,1,907
1,33,0,0,891
1,31,0,0,0
2,65,0,1,0
2,51,0,1,727
1,69,0,1,2179
1,32,0,1,0
1,68,0,0,0
1,49,0,0,758
1,22,0,0,0
2,57,0,0,0
1,33,0,0,0
1,38,0,0,2211
2,74,0,1,0
1,55,0,0,3289
2,34,0,1,0
1,48,0,0,850
1,54,0,1,53
1,38,0,0,0
1,38,0,0,0
2,53,0,1,0
2,47,0,0,2789
1,29,0,0,620
1,45,0,0,1240
2,52,0,0,4000
1,59,0,1,1564
1,42,0,0,0
1,27,0,0,1378
1,29,0,0,0
1,79,0,0,351
1,36,0,1,0
1,28,0,0,0
1,61,0,0,0
1,84,0,1,788
1,38,0,0,290
1,37,0,1,1068
1,53,0,1,0
2,31,0,1,0
1,34,0,1,977
1,48,0,1,1164
2,76,0,0,2340
2,75,0,0,0
1,54,0,0,0
2,32,0,1,2178
1,42,0,1,907
1,61,0,1,779
2,54,0,1,0
1,48,0,1,0
1,29,0,1,2241
2,45,0,1,0
2,70,0,0,0
2,51,0,1,0
2,74,0,1,0
1,86,0,1,1514
2,62,0,1,0
1,65,0,1,0
2,61,0,0,0
1,55,0,0,3365
2,55,0,1,0
1,73,0,1,2232
1,32,0,0,0
1,80,0,1,547
2,80,0,1,0
1,83,0,1,0
2,74,0,1,0
1,67,0,1,2515
2,50,0,1,1675
1,70,0,0,0
1,31,0,0,1332
1,67,0,1,0
1,28,0,0,0
2,83,0,1,760
2,24,0,0,0
2,56,0,0,1205
1,40,0,0,0
2,20,0,0,1821
1,34,0,1,0
2,20,0,0,0
2,20,0,0,0
2,54,0,0,72
1,45,0,1,0
1,34,0,0,0
1,87,0,0,0
2,74,0,1,1539
2,47,0,0,0
1,75,0,0,0
1,62,0,1,1542
2,51,0,1,0
1,77,0,1,2296
2,82,0,1,1686
1,33,0,0,2434
1,22,0,0,1807
2,40,0,1,4000
1,41,0,1,1102
1,92,0,0,0
1,32,0,0,749
2,83,0,1,0
2,63,0,0,2524
1,97,0,0,0
2,65,0,1,0
2,46,0,0,3387
2,50,0,0,0
1,35,0,0,2028
2,79,0,1,1525
1,87,0,1,1318
2,47,0,0,3394
1,81,0,1,2493
2,57,0,1,1318
2,40,0,0,0
1,34,0,1,853
2,44,0,1,0
1,49,0,0,2184
2,30,0,1,0
1,69,0,1,0
2,47,0,1,0
1,47,0,0,0
1,70,0,0,0
1,89,0,0,0
1,67,0,1,1151
1,43,0,1,0
2,30,0,1,0
1,33,0,1,1017
2,48,0,1,815
1,46,0,1,0
1,75,0,0,2964
2,41,0,0,0
1,86,0,1,518
2,57,0,1,0
1,47,0,0,0
1,45,0,1,1286
1,70,0,1,349
1,71,0,1,0
2,54,0,0,1374
1,53,0,0,0
1,58,0,1,996
1,81,0,1,0
1,82,0,0,0
2,60,0,1,0
1,93,0,0,0
1,66,0,1,1787
1,53,0,1,845
2,82,0,0,0
1,77,0,1,709
1,35,0,0,0
1,26,0,0,2222
1,82,0,1,0
2,53,0,0,94
1,35,0,0,0
2,32,0,1,3260
1,41,0,1,129
2,37,0,0,0
1,25,0,0,0
1,40,0,0,0
1,39,0,0,0
2,46,0,0,2198
1,43,0,0,1434
2,26,0,1,0
2,69,0,0,197
1,42,0,1,0
1,38,0,0,0
2,22,0,0,217
2,44,0,0,0
1,43,0,0,0
1,29,0,0,0
1,76,0,1,0
1,72,0,0,0
1,44,0,1,0
1,42,0,1,1435
1,50,0,0,2656
2,28,0,0,1561
1,36,0,0,4000
2,26,0,1,0
1,41,0,1,1714
1,60,0,1,0
1,30,0,0,4000
1,74,0,1,302
2,71,0,0,1431
1,80,0,1,0
1,70,0,1,2729
2,49,0,0,0
1,19,0,0,0
1,34,0,1,589
1,89,0,1,2167
1,80,0,1,239
2,76,0,1,0
2,48,0,1,0
2,52,0,1,0
1,83,0,1,0
1,84,0,0,0
1,70,0,1,149
2,30,0,1,2520
2,82,0,1,0
2,37,0,0,1541
1,25,0,0,1455
1,31,0,0,1242
1,60,0,1,0
2,68,0,1,0
1,41,0,0,1717
1,36,0,0,0
1,68,0,0,0
1,85,0,1,848
1,59,0,1,0
1,44,0,0,0
1,35,0,0,0
1,56,0,0,0
1,51,0,1,0
1,32,0,0,0
1,38,0,0,1725
2,23,0,1,0
2,93,0,0,0
1,56,0,0,0
2,56,0,0,600
1,27,0,1,0
1,56,0,0,2378
1,71,0,1,0
2,78,0,0,3229
1,26,0,0,0
1,56,0,1,0
1,60,0,1,0
1,69,0,0,1399
2,49,0,1,3031
1,90,0,0,0
1,38,0,0,2155
1,45,0,1,0
2,72,0,1,0
1,57,0,1,0
2,18,0,0,571
2,73,0,0,1113
1,81,0,1,0
2,47,0,0,0
2,81,0,0,0
1,29,0,0,3417
2,76,0,1,1209
1,79,0,1,1918
2,44,0,0,2866
2,43,0,1,1143
2,35,0,1,0
2,53,0,0,0
2,80,0,0,0
1,26,0,0,2082
1,39,0,0,0
2,37,0,0,0
2,43,0,0,2102
2,64,0,1,0
1,26,0,0,250
2,46,0,0,0
1,62,0,0,3255
1,85,0,0,1288
1,35,0,1,0
2,50,0,0,0
1,40,0,0,2692
1,22,0,0,906
2,49,0,1,209
1,30,0,1,0
2,33,0,0,0
1,79,0,1,0
2,47,0,1,0
1,40,0,0,3105
2,47,0,1,0
1,30,0,0,2089
1,30,0,0,1932
1,71,0,0,0
1,70,0,1,0
1,73,0,1,0
2,32,0,0,0
2,54,0,0,693
1,51,0,1,0
1,26,0,0,1923
2,38,0,1,1202
1,31,0,1,334
1,25,0,0,0
2,29,0,1,1605
2,77,0,1,3462
1,32,0,0,0
1,53,0,1,292
2,42,0,1,2278
2,41,0,1,1522
1,35,0,0,304
1,75,0,0,0
2,69,0,1,2203
2,37,0,1,3680
2,61,0,1,3399
2,69,0,0,830
2,44,0,0,1877
1,68,0,1,2161
1,42,0,1,3122
2,22,0,1,2085
1,57,0,0,0
2,60,0,0,0
1,52,0,1,0
1,80,0,1,1160
2,45,0,0,0
2,79,0,1,0
1,73,0,1,0
1,44,0,1,3248
2,46,0,0,0
2,53,0,1,0
2,29,0,0,1768
1,25,0,0,3857
1,37,0,0,0
1,30,0,1,0
1,76,0,0,170
1,22,0,0,1765
2,46,0,0,0
1,39,0,0,0
1,36,0,0,0
1,79,0,0,1873
1,54,0,0,0
1,86,0,1,0
2,32,0,1,689
1,80,0,0,0
1,36,0,1,0
1,36,0,0,0
1,24,0,1,0
2,41,0,0,2482
1,77,0,0,0
2,44,0,0,3286
2,37,0,1,0
1,31,0,0,0
2,46,0,0,836
2,31,0,0,2451
1,69,0,0,0
2,50,0,1,0
1,24,0,1,0
1,49,0,0,1355
2,52,0,0,0
1,48,0,1,0
2,42,0,1,0
2,22,0,1,0
2,58,0,0,0
1,20,0,0,0
1,33,0,0,4000
1,61,0,1,2723
1,27,0,0,0
1,24,0,1,0
2,73,0,0,4000
1,50,0,1,4000
1,72,0,0,2761
1,39,0,1,0
2,69,0,0,112
2,34,0,1,1009
2,56,0,1,0
1,26,0,0,1991
1,69,0,1,0
1,54,0,1,2465
1,32,0,0,0
2,42,0,1,4000
1,33,0,0,1763
1,42,0,1,0
2,29,0,0,4000
2,47,0,0,0
1,51,0,0,0
1,46,0,0,0
1,35,0,0,756
2,61,0,0,0
1,38,0,0,0
2,43,0,0,0
1,92,0,0,126
2,28,0,1,1443
1,39,0,1,1550
1,86,0,0,379
1,88,0,1,2422
1,79,0,0,0
2,67,0,0,0
1,55,0,0,1813
1,21,0,1,1637
2,51,0,1,2270
1,46,0,1,0
2,56,0,1,2307
1,29,0,1,0
1,31,0,0,0
1,56,0,0,0
2,53,0,0,1013
2,47,0,1,1994
1,79,0,1,0
1,84,0,1,0
2,46,0,0,0
1,70,0,1,0
1,46,0,1,2268
2,34,0,1,1436
2,37,0,1,3
1,75,0,1,0
1,24,0,1,0
1,30,0,1,0
1,68,0,0,0
1,65,0,1,0
1,91,0,1,0
1,92,0,0,477
1,72,0,1,300
2,65,0,1,0
1,41,0,0,2558
1,80,0,0,0
2,65,0,1,0
1,57,0,1,0
2,42,0,1,1793
2,49,0,1,4000
1,33,0,0,0
1,62,0,0,0
2,42,0,1,0
1,70,0,0,0
2,53,0,0,1588
2,76,0,0,93
1,33,0,0,1017
1,33,0,0,2
1,47,0,1,1580
1,39,0,0,0
2,41,0,0,1705
1,51,0,0,1826
2,75,0,1,0
1,39,0,0,0
2,58,0,0,0
1,79,0,0,0
1,70,0,1,1317
1,79,0,1,0
1,28,0,1,0
1,37,0,0,0
1,31,0,0,0
1,31,0,0,998
2,80,0,0,0
1,75,0,0,0
1,25,0,1,1412
2,26,0,0,0
1,45,0,1,0
2,87,0,0,3556
2,58,0,1,961
1,54,0,0,0
2,50,0,0,1121
1,40,0,0,665
1,30,0,0,4000
2,56,0,1,117
1,40,0,0,0
1,36,0,0,0
1,29,0,0,0
1,44,0,0,2546
1,88,0,0,661
2,40,0,0,339
2,34,0,1,3276
1,46,0,1,846
1,70,0,1,0
1,51,0,1,1776
1,78,0,1,0
1,76,0,1,222
2,60,0,1,202
2,38,0,1,0
2,66,0,1,0
1,83,0,1,467
1,52,0,1,1590
1,42,0,0,0
2,48,0,1,1606
1,58,0,1,0
1,46,0,1,2607
2,43,0,1,0
2,33,0,0,0
2,74,0,1,2959
2,35,0,0,0
1,63,0,0,1323
1,44,0,1,223
1,37,0,1,3637
1,88,0,1,4000
1,58,0,1,0
2,49,0,0,0
2,82,0,1,4000
2,52,0,0,1418
1,40,0,0,2673
1,34,0,0,0
1,54,0,1,0
2,50,0,1,0
1,24,0,0,0
2,77,0,1,1720
2,30,0,0,1691
2,72,0,0,0
1,51,0,0,3095
2,71,0,1,0
2,45,0,0,0
2,38,0,0,1198
2,52,0,0,0
2,38,0,0,0
1,67,0,0,687
2,81,0,1,0
1,83,0,0,1745
2,48,0,1,0
1,52,0,0,1244
1,44,0,1,0
2,68,0,1,2888
2,52,0,0,2394
2,77,0,0,541
1,76,0,0,3266
1,90,0,1,216
2,70,0,1,2842
2,51,0,1,0
2,45,0,0,0
2,72,0,1,54
1,78,0,1,0
1,37,0,0,2550
1,48,0,0,304
1,70,0,1,0
1,21,0,0,0
1,28,0,0,1409
1,44,0,0,1199
1,62,0,0,0
2,29,0,0,343
2,48,0,1,0
2,70,0,1,1644
1,70,0,1,0
1,27,0,0,358
2,43,0,1,0
1,33,0,0,2410
1,63,0,1,0
1,74,0,1,110
2,42,0,1,1390
2,28,0,0,3172
1,33,0,1,83
2,40,0,0,0
1,37,0,0,522
2,80,0,0,0
1,72,0,1,450
1,77,0,1,0
1,79,0,1,1543
1,68,0,1,390
1,27,0,0,1202
1,36,0,0,142
2,61,0,0,343
1,72,0,1,0
1,54,0,1,519
2,39,0,0,556
2,56,0,1,0
1,43,0,0,856
1,93,0,0,1864
1,34,0,1,0
1,36,0,0,0
2,50,0,1,0
2,42,0,1,2861
2,24,0,0,0
2,38,0,1,2308
1,59,0,1,0
2,42,0,1,0
2,39,0,0,0
1,46,0,0,0
1,84,0,1,0
2,24,0,0,0
1,35,0,0,0
1,56,0,0,3223
2,22,0,0,758
1,26,0,0,0
1,41,0,0,0
2,28,0,0,0
1,48,0,0,2702
2,30,0,0,0
2,33,0,0,1571
2,39,0,0,0
1,53,0,1,0
2,20,0,0,0
2,45,0,0,523
1,33,0,1,0
2,42,0,1,145
1,28,0,0,2695
1,26,0,0,372
1,80,0,1,3522
1,81,0,1,1435
1,70,0,1,0
1,23,0,0,0
2,49,0,0,1470
2,40,0,1,0
1,75,0,1,0
2,41,0,1,137
2,33,0,1,0
1,38,0,0,4000
1,46,0,0,571
2,33,0,1,2374
1,40,0,0,2278
2,70,0,0,36
1,39,0,1,3321
1,32,0,0,0
2,38,0,0,0
1,48,0,1,16
1,83,0,1,2932
1,72,0,1,1018
2,29,0,0,3102
1,27,0,0,0
1,75,0,1,780
2,78,0,1,406
2,76,0,1,3452
1,70,0,0,0
2,48,0,1,51
2,46,0,1,0
1,55,0,0,3083
2,39,0,0,867
1,34,0,1,0
2,74,0,1,501
2,48,0,1,3733
2,54,0,0,0
2,33,0,1,1178
1,23,0,0,11
1,36,0,0,0
1,79,0,1,0
1,68,0,0,33
1,69,0,1,810
1,35,0,0,2704
1,49,0,1,0
1,68,0,0,0
1,37,0,1,0
1,80,0,0,4000
1,77,0,1,0
2,82,0,1,1510
2,29,0,0,958
2,34,0,0,2820
1,24,0,0,2311
1,80,0,0,0
1,61,0,0,0
1,50,0,1,0
2,49,0,1,1408
2,72,0,1,0
2,42,0,0,2631
1,34,0,1,0
1,78,0,1,0
1,39,0,1,0
2,62,0,1,0
1,47,0,0,0
1,61,0,1,0
1,83,0,1,843
1,73,0,1,0
2,89,0,1,0
2,27,0,1,0
1,25,0,1,1384
2,69,0,1,936
1,48,0,0,515
1,29,0,1,0
1,57,0,1,0
1,30,0,0,0
1,78,0,0,1153
1,36,0,0,0
2,42,0,1,0
2,75,0,1,0
1,76,0,1,2159
1,84,0,0,0
2,45,0,1,0
2,92,0,0,1179
1,55,0,1,0
1,71,0,1,1094
1,61,0,0,581
1,51,0,0,1360
2,34,0,0,0
2,41,0,0,261
2,46,0,0,202
1,48,0,0,211
2,30,0,0,3204
1,56,0,0,0
1,53,0,0,0
1,45,0,1,491
1,30,0,0,948
2,56,0,0,847
1,33,0,1,0
2,60,0,1,1765
2,83,0,1,2732
1,29,0,0,0
1,28,0,0,0
1,24,0,0,0
2,27,0,0,2362
1,41,0,0,0
2,35,0,0,0
2,63,0,0,1413
1,60,0,1,0
1,59,0,1,0
1,48,0,1,1211
2,19,0,0,747
1,34,0,0,0
1,64,0,1,2604
1,84,0,0,0
1,97,0,1,2939
2,71,0,0,0
2,60,0,1,0
2,43,0,1,0
2,73,0,1,4000
1,95,0,1,1705
1,81,0,1,802
1,91,0,1,572
1,63,0,1,0
2,31,0,0,0
2,31,0,0,0
1,67,0,1,0
1,23,0,0,1084
1,41,0,1,0
1,29,0,1,0
1,24,0,0,0
1,28,0,0,1466
1,29,0,0,1299
2,43,0,1,0
2,58,0,0,0
1,60,0,0,315
2,66,0,0,0
2,47,0,0,0
1,39,0,1,2540
1,46,0,1,0
1,83,0,0,1988
2,35,0,0,0
1,48,0,0,2446
2,29,0,0,0
1,21,0,0,289
2,33,0,0,0
2,57,0,0,0
2,37,0,1,0
1,59,0,1,328
1,85,0,1,411
1,36,0,0,1976
1,35,0,0,1834
2,68,0,1,1441
1,76,0,1,471
1,48,0,1,765
1,71,0,0,0
1,65,0,1,283
2,49,0,1,0
1,36,0,0,1313
1,68,0,1,1419
1,28,0,0,2540
2,37,0,1,0
2,63,0,0,0
2,59,0,0,0
2,40,0,1,875
1,41,0,1,594
2,19,0,0,3666
1,27,0,0,0
2,31,0,0,449
1,68,0,0,757
1,25,0,0,0
1,43,0,0,2403
1,27,0,1,0
1,49,0,1,429
2,42,0,1,2544
1,38,0,0,0
2,24,0,0,0
1,39,0,0,0
1,64,0,1,0
1,32,0,0,0
1,41,0,0,2641
2,55,0,0,0
1,47,0,0,0
2,80,0,0,2563
1,76,0,1,0
2,46,0,0,3453
2,60,0,0,0
2,54,0,1,0
2,42,0,0,2838
1,43,0,1,0
1,32,0,0,1284
1,62,0,1,855
1,32,0,0,0
2,34,0,0,1555
1,41,0,1,0
1,38,0,1,0
1,28,0,0,0
1,23,0,1,811
1,26,0,0,0
1,29,0,1,4000
1,66,0,1,0
2,39,0,1,0
1,55,0,1,2023
1,89,0,0,0
1,25,0,0,3557
1,42,0,1,0
1,27,0,0,0
1,30,0,1,0
1,29,0,1,0
2,58,0,0,1569
1,74,0,1,0
2,46,0,1,0
2,72,0,1,4000
1,81,0,0,0
1,58,0,1,2032
1,54,0,0,0
1,46,0,1,0
1,38,0,1,0
2,75,0,1,780
1,61,0,1,2577
2,66,0,1,0
2,75,0,0,3241
2,50,0,1,0
1,80,0,1,0
1,74,0,1,0
2,55,0,1,0
1,38,0,1,0
1,32,0,0,0
2,51,0,1,0
1,33,0,1,0
1,47,0,1,1663
1,32,0,0,259
1,59,0,0,1792
1,52,0,1,2876
2,60,0,0,0
2,36,0,0,653
1,24,0,0,0
1,79,0,0,0
1,44,0,1,2581
1,27,0,0,1116
1,31,0,1,821
1,39,0,0,177
1,20,0,0,1716
1,29,0,0,304
1,42,0,0,2007
1,37,0,1,1491
1,49,0,1,1378
1,43,0,1,0
2,64,0,1,2148
1,35,0,0,0
1,51,0,0,0
1,56,0,0,0
1,40,0,0,0
1,51,0,1,0
1,64,0,0,1134
2,73,0,1,0
1,78,0,1,1015
2,70,0,1,2433
2,29,0,0,1343
2,85,0,1,119
1,96,0,0,3320
2,71,0,1,237
1,44,0,1,2963
1,28,0,1,214
2,56,0,1,3390
1,40,0,1,1132
2,64,0,1,0
1,82,0,1,0
1,30,0,0,0
1,52,0,1,1958
1,32,0,0,0
1,28,0,0,0
1,40,0,0,2556
2,48,0,1,0
1,80,0,0,0
1,58,0,1,0
2,40,0,1,2953
2,62,0,0,0
1,39,0,1,829
2,33,0,0,0
1,38,0,0,0
1,25,0,0,4000
1,69,0,1,0
1,44,0,1,0
1,89,0,1,0
1,33,0,1,4000
1,41,0,0,3261
1,34,0,0,0
2,51,0,0,1883
2,53,0,1,275
1,95,0,1,2120
1,69,0,0,0
1,58,0,1,3440
1,40,0,0,0
2,35,0,1,0
2,62,0,0,4000
1,38,0,0,1095
2,35,0,0,1897
2,38,0,1,3073
1,63,0,1,0
1,43,0,0,625
1,43,0,0,0
1,41,0,0,2069
1,37,0,0,3297
2,53,0,0,0
2,50,0,1,0
1,25,0,0,0
1,31,0,0,0
1,23,0,0,0
1,25,0,0,3765
1,32,0,1,0
1,43,0,0,1356
2,53,0,0,0
1,64,0,1,1681
1,44,0,0,708
2,41,0,0,0
1,50,0,1,0
1,38,0,0,881
1,35,0,0,0
2,60,0,1,0
2,38,0,1,0
1,83,0,0,2603
1,91,0,0,0
1,38,0,0,618
2,38,0,1,1105
2,70,0,1,0
1,57,0,0,736
2,41,0,0,1892
1,51,0,0,0
1,40,0,0,1279
1,20,0,0,0
1,38,0,1,0
2,54,0,1,0
2,42,0,0,0
2,21,0,1,1393
2,39,0,0,0
1,52,0,0,1509
1,75,0,1,1013
2,55,0,0,2552
1,34,0,1,316
1,34,0,0,3068
2,77,0,0,0
1,38,0,0,0
2,37,0,0,1065
1,78,0,0,1752
2,45,0,1,0
2,21,0,0,0
2,44,0,0,1442
2,42,0,1,1291
1,48,0,1,1072
2,76,0,1,2671
1,71,0,1,2114
2,55,0,1,3396
1,58,0,0,0
1,32,0,0,0
2,69,0,1,0
1,74,0,1,0
1,43,0,0,1117
1,46,0,1,1495
2,76,0,1,0
2,34,0,0,0
1,36,0,0,1938
2,54,0,1,2609
1,56,0,0,293
2,49,0,1,417
2,56,0,1,881
1,78,0,0,119
1,34,0,0,0
1,38,0,0,0
2,43,0,1,3399
2,51,0,0,0
2,95,0,1,676
2,39,0,0,0
1,77,0,0,0
1,63,0,1,449
1,61,0,0,0
1,40,0,0,0
1,78,0,0,0
1,37,0,1,87
2,46,0,1,0
2,67,0,0,0
1,75,0,1,1705
1,68,0,0,4000
1,29,0,0,0
1,52,0,1,174
2,36,0,0,0
2,57,0,1,1815
1,38,0,1,0
2,19,0,0,0
1,69,0,0,0
1,35,0,0,0
1,35,0,0,0
1,27,0,0,1922
2,37,0,1,0
1,69,0,0,0
2,36,0,1,0
1,36,0,0,272
1,36,0,0,0
2,60,0,1,0
1,51,0,1,0
1,37,0,0,0
1,36,0,1,0
2,57,0,0,3089
1,30,0,0,0
1,20,0,0,2402
1,30,0,1,1040
1,30,0,1,627
1,38,0,0,1661
2,59,0,1,0
1,58,0,1,0
1,47,0,0,0
2,25,0,0,616
1,69,0,1,0
1,83,0,0,0
1,23,0,1,584
1,30,0,0,0
2,58,0,1,0
1,74,0,0,0
1,34,0,1,1700
2,48,0,1,0
1,59,0,1,0
1,38,0,1,671
1,34,0,0,0
1,25,0,0,30
1,39,0,1,0
1,32,0,0,0
2,27,0,1,0
1,88,0,0,2541
1,36,0,0,695
2,54,0,1,0
2,64,0,0,0
2,44,0,0,0
2,44,0,0,2073
1,34,0,0,0
1,39,0,1,407
1,41,0,1,100
2,79,0,0,0
1,28,0,1,1324
1,75,0,1,274
1,76,0,1,2853
1,77,0,1,2809
2,65,0,0,0
2,62,0,0,0
1,86,0,0,0
1,36,0,0,0
1,39,0,0,1553
1,71,0,0,1420
2,47,0,1,1377
1,87,0,1,0
2,25,0,1,1204
1,64,0,0,4000
1,70,0,1,0
1,33,0,1,0
1,77,0,0,0
2,57,0,1,0
1,86,0,1,2142
1,76,0,1,0
2,34,0,0,4000
1,58,0,1,0
1,81,0,1,2510
2,70,0,1,1201
1,54,0,0,1376
2,19,0,0,0
2,34,0,0,0
2,49,0,0,1888
2,37,0,0,0
1,36,0,1,0
1,64,0,0,0
1,27,0,0,0
1,61,0,0,0
1,55,0,0,1838
2,53,0,1,1191
1,81,0,0,1324
2,32,0,0,2318
1,38,0,1,243
1,39,0,1,0
1,40,0,0,875
1,25,0,0,0
2,49,0,0,1303
1,94,0,0,390
1,22,0,0,0
1,44,0,0,628
2,60,0,0,0
1,33,0,1,0
2,57,0,1,0
2,39,0,1,941
1,53,0,1,0
1,36,0,1,1125
2,45,0,0,1358
1,37,0,1,2467
2,46,0,1,0
1,90,0,1,0
1,47,0,1,2154
1,59,0,0,0
1,40,0,0,222
1,61,0,1,0
1,29,0,0,4000
1,78,0,1,0
1,28,0,1,2170
2,30,0,1,56
2,48,0,1,0
2,56,0,1,504
1,45,0,0,0
1,77,0,0,0
2,52,0,1,3054
1,28,0,0,0
1,28,0,0,2690
1,40,0,1,647
2,52,0,1,957
1,48,0,1,1324
2,46,0,1,0
2,44,0,1,2202
2,51,0,1,2370
2,56,0,1,882
1,62,0,1,4000
1,48,0,0,534
1,49,0,1,0
2,42,0,1,158
1,50,0,0,0
1,34,0,0,1836
1,52,0,0,775
1,29,0,0,439
1,73,0,1,0
1,54,0,0,0
2,55,0,0,0
2,54,0,0,662
2,40,0,0,0
1,86,0,1,0
2,76,0,0,1615
2,48,0,1,0
1,45,0,0,1583
1,79,0,1,2338
2,80,0,1,2563
1,32,0,0,3022
2,47,0,1,1516
2,39,0,1,203
1,39,0,0,0
2,51,0,0,0
1,33,0,0,0
1,46,0,0,0
1,41,0,1,0
1,71,0,1,0
2,24,0,0,1707
1,27,0,0,882
2,39,0,0,0
1,52,0,1,0
2,64,0,1,1858
2,48,0,0,594
1,29,0,0,0
2,42,0,1,0
1,31,0,1,1090
1,29,0,1,962
1,36,0,1,0
2,37,0,1,513
1,34,0,0,0
2,38,0,0,1121
1,41,0,1,0
1,40,0,1,2337
1,78,0,1,4000
1,36,0,0,645
1,20,0,0,0
1,38,0,0,1317
2,51,0,0,132
1,57,0,0,0
1,82,0,0,396
1,49,0,1,3710
1,74,0,1,1662
2,72,0,1,0
2,58,0,0,39
2,76,0,0,514
1,44,0,0,1272
1,56,0,0,2031
2,89,0,1,689
2,53,0,1,0
2,47,0,1,0
1,58,0,1,3510
1,51,0,1,1682
1,82,0,0,1019
2,28,0,0,0
2,79,0,1,1322
1,81,0,1,0
2,43,0,0,3496
2,50,0,0,0
1,25,0,1,2019
1,32,0,0,1863
1,47,0,0,0
2,69,0,1,0
2,22,0,0,0
2,30,0,0,0
1,44,0,0,76
1,77,0,1,1861
1,64,0,1,701
2,46,0,1,0
1,41,0,1,0
1,53,0,0,0
1,27,0,0,380
2,40,0,1,0
2,33,0,0,891
2,57,0,0,0
1,50,0,0,0
2,59,0,0,0
1,30,0,0,1885
1,80,0,1,0
2,72,0,1,0
1,75,0,1,1057
1,27,0,0,542
1,28,0,0,0
1,53,0,0,0
1,59,0,0,0
1,26,0,0,0
1,30,0,1,0
1,63,0,1,18
2,46,0,1,1298
1,26,0,0,0
1,37,0,1,355
2,71,0,1,0
2,46,0,1,0
1,66,0,0,0
1,37,0,0,1569
1,37,0,0,0
2,57,0,0,0
1,56,0,0,0
2,38,0,1,0
2,36,0,0,0
1,24,0,0,1330
2,24,0,1,1728
1,42,0,0,1845
1,57,0,1,0
2,75,0,0,0
1,27,0,0,2282
1,22,0,0,0
1,40,0,0,1963
1,67,0,1,372
1,56,0,0,172
1,41,0,1,357
2,28,0,1,1266
1,21,0,0,3300
1,51,0,0,768
1,34,0,0,4000
1,76,0,0,1208
2,49,0,0,0
1,25,0,0,0
1,26,0,0,260
2,50,0,0,137
1,32,0,0,0
1,29,0,0,0
1,25,0,0,1724
1,24,0,0,0
1,32,0,0,481
2,39,0,0,0
1,29,0,0,0
1,60,0,1,129
1,54,0,1,0
1,54,0,1,1027
1,45,0,1,2076
2,49,0,1,2477
2,56,0,0,0
2,35,0,1,0
2,52,0,1,1308
2,43,0,0,1501
2,65,0,1,84
2,46,0,0,0
1,42,0,1,4000
2,60,0,1,587
1,26,0,0,3456
1,58,0,0,1784
2,79,0,1,0
1,61,0,1,621
2,74,0,0,1476
1,44,0,1,0
1,50,0,0,0
1,66,0,0,0
2,60,0,1,0
1,57,0,1,0
1,36,0,0,0
2,37,0,0,0
1,20,0,0,1882
2,42,0,0,3058
1,69,0,1,0
1,53,0,1,286
1,26,0,0,134
2,46,0,0,1337
2,40,0,0,503
1,29,0,0,0
2,74,0,1,0
1,60,0,1,3369
1,44,0,0,3139
2,68,0,1,850
1,34,0,1,642
1,42,0,0,1221
1,51,0,1,737
2,29,0,0,0
1,78,0,0,367
1,71,0,1,0
1,41,0,0,0
2,84,0,0,0
2,51,0,1,2104
1,25,0,1,1178
1,87,0,1,0
2,37,0,0,0
1,82,0,0,0
2,50,0,0,4000
1,42,0,0,0
2,64,0,1,1491
1,54,0,0,4000
1,61,0,0,451
1,54,0,1,2303
1,33,0,1,0
2,49,0,0,163
1,25,0,0,1429
2,63,0,0,884
1,85,0,1,330
2,51,0,0,768
2,30,0,1,0
2,46,0,1,557
1,58,0,1,0
1,28,0,0,0
1,32,0,1,0
1,53,0,1,0
2,77,0,1,0
2,56,0,0,3336
1,32,0,0,0
2,48,0,1,139
1,80,0,1,0
1,55,0,1,440
1,31,0,1,0
2,48,0,0,0
1,43,0,0,0
1,58,0,0,2987
1,36,0,1,23
1,36,0,0,2088
2,61,0,1,0
2,56,0,1,1141
1,24,0,1,57
1,34,0,1,0
1,55,0,1,1450
2,43,0,0,0
1,84,0,1,0
2,47,0,1,1191
2,48,0,0,35
2,68,0,1,0
1,26,0,0,0
1,90,0,1,4000
2,53,0,1,1456
1,44,0,0,0
1,25,0,0,0
2,50,0,0,0
2,25,0,0,1991
1,62,0,0,0
2,37,0,1,1076
2,45,0,0,941
2,61,0,1,0
1,77,0,1,0
2,68,0,0,0
1,38,0,0,0
1,56,0,0,2465
2,29,0,0,0
1,54,0,0,0
1,41,0,0,0
1,41,0,1,0
1,47,0,1,0
1,31,0,0,0
1,45,0,0,0
1,39,0,0,0
1,28,0,0,429
1,43,0,0,146
1,77,0,1,1401
1,26,0,0,0
2,58,0,1,1042
1,35,0,0,0
2,68,0,0,4000
2,64,0,0,0
1,80,0,0,0
1,34,0,1,3672
1,77,0,1,0
1,70,0,1,0
2,28,0,0,0
1,89,0,0,0
1,81,0,1,1426
1,47,0,0,2142
1,23,0,0,1359
2,54,0,1,733
1,80,0,1,0
1,65,0,1,517
1,86,0,1,3708
2,72,0,1,0
2,51,0,0,0
1,46,0,1,2772
1,82,0,0,0
1,47,0,1,0
1,30,0,0,1108
1,34,0,0,883
2,44,0,1,0
1,61,0,1,2135
1,78,0,1,0
1,47,0,1,3649
1,28,0,0,0
1,65,0,1,0
1,75,0,1,565
1,73,0,0,0
1,88,0,1,0
1,59,0,1,1596
2,94,0,0,1938
1,75,0,1,1872
2,76,0,0,0
2,80,0,0,764
2,61,0,0,0
1,22,0,0,418
1,46,0,0,0
2,36,0,1,1548
1,88,0,1,3544
2,66,0,0,0
1,51,0,0,148
2,58,0,0,1395
1,25,0,0,283
1,44,0,0,3078
1,45,0,0,0
2,30,0,1,291
1,53,0,0,97
1,50,0,0,0
1,55,0,1,3554
1,39,0,0,0
1,28,0,1,1825
2,70,0,1,525
1,29,0,0,1736
2,80,0,1,1166
1,47,0,1,966
1,55,0,0,2058
1,31,0,0,0
2,74,0,1,0
1,32,0,0,0
2,43,0,1,0
1,34,0,0,0
1,64,0,1,0
1,57,0,0,2733
1,49,0,0,2170
1,43,0,0,1835
2,35,0,0,1156
2,68,0,0,0
2,35,0,0,0
2,39,0,0,3480
2,50,0,0,0
1,63,0,1,55
1,23,0,0,4000
1,68,0,0,0
1,26,0,0,0
1,37,0,1,942
1,37,0,1,3457
2,41,0,0,0
1,33,0,1,1638
1,82,0,1,0
2,39,0,0,0
2,55,0,0,1870
2,31,0,0,0
2,64,0,0,0
2,47,0,0,4000
1,45,0,0,308
1,79,0,1,0
1,40,0,0,0
1,38,0,0,0
2,31,0,0,0
1,75,0,0,0
1,24,0,1,0
1,42,0,1,47
1,68,0,0,0
2,35,0,0,280
2,52,0,1,0
2,79,0,0,714
1,56,0,0,930
1,43,0,1,0
1,26,0,0,0
2,37,0,0,0
1,68,0,1,0
1,42,0,0,0
1,91,0,0,0
2,79,0,0,0
1,32,0,0,1867
1,51,0,1,0
2,54,0,1,330
1,79,0,1,0
1,34,0,0,0
1,38,0,0,2605
2,65,0,0,1267
1,70,0,1,2282
2,59,0,0,469
2,29,0,0,695
1,29,0,1,1454
1,48,0,0,0
1,74,0,1,2309
1,77,0,1,49
1,32,0,0,0
1,39,0,0,3017
1,50,0,1,2227
1,32,0,1,0
2,29,0,0,0
1,28,0,0,0
2,91,0,1,0
1,35,0,0,1927
1,56,0,1,1758
1,45,0,0,0
2,20,0,0,0
2,42,0,1,2214
2,27,0,0,0
1,38,0,0,3
2,24,0,0,0
2,52,0,1,0
1,77,0,1,0
2,38,0,0,0
1,77,0,1,2908
1,69,0,1,0
1,39,0,1,0
1,75,0,0,2235
1,78,0,1,2783
2,37,0,0,0
2,87,0,0,1591
1,81,0,1,0
1,55,0,1,1089
2,52,0,0,431
2,50,0,0,0
1,62,0,0,0
1,65,0,0,511
1,43,0,0,1742
1,47,0,1,228
1,62,0,1,0
1,64,0,0,0
2,26,0,0,381
1,72,0,0,1476
1,45,0,0,0
1,38,0,0,2886
1,72,0,1,698
1,27,0,0,0
1,29,0,1,2214
1,89,0,0,0
1,30,0,0,860
1,58,0,1,0
1,73,0,0,2160
1,37,0,0,0
2,36,0,1,1971
1,19,0,0,669
1,46,0,1,0
1,47,0,0,0
1,24,0,0,1556
2,29,0,1,0
2,37,0,1,514
1,49,0,0,0
1,24,0,1,0
1,60,0,0,385
1,44,0,0,2161
2,61,0,0,0
2,74,0,1,1695
1,64,0,0,0
1,52,0,1,0
1,55,0,0,827
1,58,0,0,0
2,61,0,0,0
2,67,0,1,0
1,71,0,1,0
2,25,0,0,0
2,48,0,1,385
1,38,0,1,0
1,29,0,0,0
1,89,0,1,0
1,53,0,0,0
1,73,0,1,4000
1,45,0,1,0
2,60,0,1,909
1,38,0,0,0
1,63,0,0,1257
1,35,0,0,0
1,53,0,0,1712
1,28,0,1,824
1,22,0,0,0
1,21,0,0,1969
1,30,0,0,0
1,36,0,1,1867
1,38,0,0,0
2,73,0,0,1368
1,25,0,0,0
2,41,0,1,0
1,41,0,1,0
1,53,0,0,0
1,37,0,0,4000
2,68,0,1,372
1,42,0,0,2059
1,44,0,0,1797
1,35,0,1,1754
1,35,0,0,0
1,26,0,0,0
1,69,0,1,0
1,43,0,0,0
2,45,0,0,235
1,30,0,0,3472
2,62,0,1,0
1,60,0,0,0
1,78,0,0,2019
1,71,0,0,0
2,49,0,1,0
1,49,0,1,0
2,45,0,1,1631
1,94,0,1,983
2,72,0,1,949
1,50,0,0,1372
1,25,0,0,0
1,28,0,0,0
2,42,0,1,2382
1,91,0,0,0
1,82,0,1,4000
2,37,0,0,0
2,47,0,0,0
1,55,0,0,2649
1,40,0,1,0
2,48,0,1,1845
1,82,0,0,183
2,61,0,0,4000
2,38,0,1,0
1,81,0,1,0
1,79,0,1,0
2,34,0,0,2968
1,24,0,0,0
1,95,0,0,599
1,46,0,0,680
2,46,0,1,781
2,72,0,1,0
2,67,0,1,0
1,43,0,0,265
2,46,0,1,1590
1,87,0,0,0
1,74,0,1,155
2,66,0,1,0
2,30,0,0,0
1,26,0,0,1418
1,96,0,0,0
1,90,0,1,0
1,80,0,1,573
2,84,0,1,0
1,76,0,1,0
1,24,0,0,2294
1,76,0,0,0
1,37,0,1,1902
1,29,0,0,331
1,54,0,1,1878
1,43,0,0,1754
1,38,0,0,730
2,49,0,1,0
2,87,0,0,0
1,40,0,1,431
1,34,0,0,1314
1,50,0,1,927
2,35,0,0,0
1,74,0,1,0
1,56,0,1,455
2,36,0,0,4000
2,74,0,0,0
1,55,0,1,0
1,77,0,0,1599
1,70,0,1,1912
1,64,0,0,131
2,76,0,1,0
1,40,0,0,266
1,32,0,0,354
1,37,0,0,0
1,66,0,1,1365
2,38,0,0,0
1,44,0,0,0
2,59,0,1,0
1,71,0,0,0
1,88,0,1,596
1,84,0,0,0
2,78,0,1,1555
2,59,0,1,0
1,81,0,1,0
1,30,0,0,0
2,37,0,1,0
1,82,0,0,526
1,97,0,0,256
1,30,0,0,0
1,50,0,0,117
2,44,0,1,774
1,34,0,1,0
1,31,0,1,0
1,29,0,0,1064
1,22,0,0,2134
1,27,0,1,0
2,22,0,0,0
1,29,0,1,0
1,77,0,0,2008
1,50,0,0,3020
2,42,0,0,0
2,30,0,0,3725
2,49,0,0,2167
2,35,0,1,0
1,44,0,0,0
2,42,0,0,2123
1,78,0,1,2435
1,85,0,1,0
2,38,0,1,979
1,34,0,0,0
2,49,0,1,0
1,41,0,0,0
2,47,0,1,0
1,29,0,0,3401
1,44,0,0,3542
1,22,0,0,510
2,85,0,1,0
1,26,0,0,0
1,60,0,0,0
2,44,0,1,0
1,26,0,0,903
1,77,0,0,0
2,49,0,1,0
1,47,0,0,0
1,38,0,0,0
1,53,0,1,1042
1,70,0,1,1415
1,27,0,0,3897
2,35,0,0,0
2,35,0,0,705
2,32,0,0,0
1,40,0,1,0
1,39,0,1,528
1,40,0,0,3048
2,43,0,1,2413
1,47,0,0,587
1,72,0,1,0
1,59,0,0,0
1,43,0,0,543
1,27,0,0,0
2,24,0,0,0
2,31,0,0,0
2,49,0,0,0
2,55,0,0,0
1,38,0,0,0
2,46,0,1,1730
1,39,0,0,200
2,33,0,0,0
1,83,0,1,3234
1,26,0,1,0
1,50,0,0,1220
2,73,0,1,534
1,40,0,0,2098
1,86,0,1,156
2,50,0,0,0
1,50,0,1,0
2,42,0,1,0
2,57,0,0,0
2,80,0,1,100
1,23,0,0,42
1,39,0,0,1305
2,41,0,1,0
2,48,0,1,0
1,83,0,0,0
2,36,0,1,0
1,43,0,1,2758
2,46,0,1,204
1,79,0,0,394
2,52,0,1,0
2,56,0,1,3616
1,68,0,0,0
2,41,0,1,0
1,42,0,1,2677
1,61,0,1,1175
2,83,0,1,651
2,48,0,0,0
1,24,0,1,2158
1,81,0,1,0
1,53,0,1,2387
2,33,0,0,143
1,25,0,0,2778
2,33,0,1,2237
2,41,0,1,353
1,38,0,0,0
1,31,0,0,1251
2,70,0,0,0
2,34,0,1,0
2,81,0,0,810
1,38,0,0,790
1,32,0,0,0
2,57,0,0,0
1,58,0,0,0
1,46,0,1,4000
1,38,0,0,1309
2,30,0,1,0
2,40,0,1,0
2,47,0,1,952
1,38,0,1,1032
2,84,0,0,0
1,81,0,1,0
1,86,0,1,1800
1,69,0,0,306
2,36,0,0,0
1,68,0,1,0
1,46,0,1,0
2,65,0,1,960
1,89,0,0,0
1,88,0,0,0
1,75,0,1,291
2,80,0,1,0
1,74,0,1,0
2,78,0,1,3208
1,26,0,0,0
2,41,0,1,0
1,69,0,1,2710
1,43,0,1,0
2,47,0,0,0
2,37,0,0,1020
1,64,0,1,0
2,41,0,0,1092
1,75,0,1,2246
1,69,0,1,0
2,59,0,1,0
2,28,0,0,1364
1,74,0,1,1765
1,79,0,1,784
2,56,0,1,1502
2,25,0,1,887
1,49,0,0,1824
1,44,0,0,0
1,69,0,1,0
1,86,0,1,3539
2,28,0,1,0
1,37,0,0,0
2,38,0,1,704
1,77,0,1,0
2,30,0,0,1281
2,72,0,1,0
1,65,0,1,0
2,38,0,0,674
1,88,0,1,0
1,26,0,0,336
1,32,0,0,0
2,72,0,1,0
2,40,0,1,0
1,36,0,0,0
1,66,0,0,0
1,80,0,0,4000
1,81,0,1,2356
1,54,0,0,946
1,56,0,1,632
2,39,0,1,699
2,39,0,1,2650
1,56,0,1,0
2,26,0,0,0
2,26,0,0,0
1,77,0,0,2785
1,24,0,0,0
1,64,0,1,0
1,45,0,0,0
1,50,0,0,0
1,43,0,1,0
1,37,0,0,1159
2,82,0,1,0
2,86,0,1,0
1,84,0,0,0
1,22,0,0,0
1,74,0,1,833
1,25,0,0,1119
1,61,0,0,1560
1,38,0,0,2113
2,45,0,1,2007
1,24,0,0,0
2,44,0,1,2212
2,30,0,0,0
1,51,0,1,0
1,47,0,1,0
2,41,0,0,0
1,77,0,1,0
2,73,0,0,4000
2,76,0,0,0
1,30,0,0,0
2,58,0,0,4000
1,25,0,1,0
2,65,0,1,0
1,57,0,1,0
2,57,0,1,0
1,42,0,1,869
2,48,0,1,2386
1,86,0,1,1089
1,46,0,0,0
2,77,0,1,0
1,30,0,0,302
1,77,0,1,2056
2,71,0,1,0
2,76,0,1,0
2,63,0,1,424
1,23,0,0,1976
2,41,0,0,0
1,48,0,0,0
2,39,0,0,0
1,75,0,0,0
1,57,0,0,0
2,61,0,1,0
1,75,0,0,525
2,34,0,0,0
1,85,0,0,0
1,25,0,0,0
2,61,0,0,0
2,85,0,0,0
1,60,0,0,625
1,34,0,1,0
1,43,0,1,0
2,46,0,0,0
1,22,0,0,2132
1,49,0,1,0
1,61,0,0,262
1,75,0,1,0
1,32,0,0,0
2,54,0,1,0
1,34,0,0,0
1,40,0,1,0
1,34,0,1,0
1,29,0,0,0
1,33,0,0,525
1,37,0,0,1472
1,28,0,0,0
2,20,0,1,515
2,27,0,0,2429
2,70,0,1,0
1,94,0,1,0
1,21,0,0,3256
1,49,0,1,673
2,62,0,1,334
1,37,0,0,1579
1,41,0,1,1480
2,54,0,1,4000
1,31,0,0,0
2,61,0,1,0
1,49,0,0,0
2,38,0,1,769
2,49,0,1,688
1,50,0,1,2210
1,56,0,1,1725
2,80,0,1,461
2,43,0,1,271
1,90,0,0,0
2,72,0,1,0
2,63,0,1,0
1,78,0,0,4000
1,34,0,0,0
2,52,0,1,0
2,34,0,0,26
2,76,0,0,0
1,54,0,0,298
1,58,0,0,358
1,19,0,0,3896
2,30,0,1,0
1,42,0,0,0
1,30,0,0,0
2,42,0,0,1172
1,71,0,1,1217
2,49,0,1,0
1,53,0,0,589
2,61,0,0,2558
1,38,0,0,0
1,51,0,0,0
1,50,0,1,0
1,51,0,0,602
2,79,0,0,0
2,73,0,1,482
1,29,0,0,2257
1,56,0,0,572
1,27,0,1,2670
1,51,0,0,0
2,32,0,0,1095
1,79,0,1,2680
2,38,0,0,1152
1,43,0,0,0
1,62,0,1,0
2,26,0,0,1187
2,33,0,0,1022
1,40,0,0,2032
1,42,0,0,915
2,50,0,1,2139
1,31,0,0,0
1,65,0,0,0
2,78,0,1,0
1,29,0,0,896
1,91,0,0,0
1,81,0,1,152
1,80,0,1,0
1,83,0,1,710
2,49,0,0,2619
1,42,0,1,968
1,58,0,1,604
1,61,0,0,0
1,26,0,0,208
2,59,0,0,1659
2,32,0,0,4000
1,25,0,0,668
1,28,0,0,1622
2,48,0,0,0
1,20,0,0,0
1,44,0,0,623
2,36,0,0,0
1,54,0,1,0
2,22,0,0,369
1,27,0,0,0
2,36,0,0,0
1,56,0,1,0
1,23,0,0,0
1,42,0,0,0
1,34,0,1,2504
1,55,0,0,1657
1,32,0,0,547
1,30,0,0,0
1,47,0,0,0
2,60,0,0,0
1,73,0,0,0
1,58,0,1,154
1,38,0,0,1792
1,35,0,1,0
1,84,0,1,0
2,29,0,0,2843
1,94,0,0,1553
1,35,0,0,121
1,84,0,1,3851
2,63,0,1,2320
1,75,0,1,1174
1,33,0,0,503
1,93,0,0,0
1,77,0,1,1586
1,58,0,0,330
1,38,0,0,0
2,76,0,1,0
1,82,0,0,845
1,27,0,0,0
2,45,0,1,1897
1,32,0,0,3231
1,49,0,0,0
1,52,0,0,0
1,43,0,0,2318
1,44,0,0,1693
2,31,0,0,4000
2,75,0,0,0
1,67,0,0,0
1,37,0,0,0
1,43,0,0,662
2,52,0,0,0
1,61,0,1,0
1,42,0,0,0
2,58,0,0,2103
1,70,0,0,1417
2,62,0,1,0
1,27,0,0,0
1,36,0,0,3597
1,34,0,0,3972
1,45,0,1,1300
1,78,0,1,0
1,82,0,0,0
2,42,0,0,0
1,71,0,0,0
1,34,0,0,4000
1,55,0,1,0
1,69,0,0,2223
2,64,0,0,0
2,79,0,1,0
1,48,0,1,697
1,35,0,1,0
2,29,0,0,0
2,25,0,0,527
1,26,0,0,468
2,22,0,0,435
2,69,0,1,0
1,43,0,1,952
2,25,0,1,0
1,51,0,0,0
1,68,0,0,169
1,41,0,0,0
2,83,0,1,324
2,20,0,0,299
1,70,0,0,2554
1,28,0,0,656
2,40,0,1,0
1,81,0,0,437
1,33,0,0,2334
1,26,0,0,844
1,63,0,1,1859
1,83,0,1,3683
1,80,0,0,0
1,76,0,0,0
2,37,0,0,0
1,81,0,0,0
2,77,0,0,621
2,84,0,1,1555
2,63,0,1,0
2,39,0,0,2343
1,29,0,1,0
2,52,0,1,2537
2,32,0,1,0
1,51,0,0,0
2,33,0,1,653
1,41,0,0,0
1,34,0,1,0
1,73,0,0,0
1,19,0,0,0
1,47,0,0,0
1,37,0,0,1619
1,41,0,0,1464
1,45,0,0,0
1,69,0,0,474
2,78,0,0,0
1,27,0,0,0
2,27,0,1,116
1,58,0,1,576
1,62,0,1,0
2,80,0,0,0
1,51,0,1,0
2,38,0,1,0
2,78,0,1,0
2,76,0,0,0
1,34,0,0,2328
2,51,0,0,0
2,92,0,0,0
1,30,0,0,1955
1,97,0,0,0
2,75,0,1,0
1,59,0,1,0
2,79,0,1,0
2,71,0,1,0
1,68,0,0,1033
2,35,0,0,2227
1,74,0,0,888
1,71,0,1,1160
2,43,0,1,0
2,63,0,0,0
1,85,0,1,0
1,34,0,0,43
1,52,0,1,0
1,61,0,0,398
2,68,0,1,2164
1,52,0,1,2796
1,51,0,0,2050
1,49,0,1,3058
1,49,0,1,0
1,59,0,0,2193
1,27,0,1,619
1,85,0,0,831
1,82,0,1,0
1,85,0,0,0
1,59,0,1,0
2,62,0,0,2738
2,24,0,0,739
1,82,0,1,0
2,60,0,0,1399
1,52,0,1,1257
1,29,0,1,3831
1,87,0,0,4000
2,40,0,1,344
2,45,0,1,157
1,32,0,0,2192
1,85,0,0,623
2,44,0,1,2574
2,82,0,0,2647
1,33,0,1,0
2,81,0,0,0
1,55,0,1,0
2,74,0,1,423
1,30,0,1,0
1,52,0,0,0
1,73,0,1,0
2,89,0,0,0
1,63,0,1,0
1,91,0,0,572
1,26,0,0,0
1,24,0,1,0
2,51,0,1,0
2,47,0,0,0
2,73,0,0,0
1,34,0,1,0
1,45,0,1,0
1,43,0,1,616
1,50,0,1,0
1,48,0,1,0
2,83,0,1,604
1,22,0,0,2189
1,79,0,0,0
2,42,0,1,0
1,31,0,0,0
1,24,0,0,2840
1,32,0,1,0
1,24,0,0,2539
2,31,0,0,157
1,64,0,0,1565
1,47,0,0,0
2,40,0,1,505
2,32,0,0,0
1,50,0,0,542
1,44,0,0,2581
2,32,0,0,0
1,30,0,0,424
1,32,0,0,0
2,35,0,0,657
2,77,0,0,0
1,43,0,0,0
2,64,0,1,0
2,36,0,0,0
2,50,0,0,4000
1,68,0,1,2881
2,52,0,0,0
1,56,0,0,1955
1,84,0,1,1981
1,51,0,1,0
1,52,0,0,1303
1,88,0,1,4000
2,35,0,0,0
1,90,0,1,996
1,42,0,0,0
1,95,0,1,0
1,40,0,1,1854
2,58,0,0,0
1,47,0,1,0
2,76,0,1,0
1,24,0,0,0
1,79,0,1,0
1,85,0,1,519
1,72,0,1,1569
1,76,0,0,1261
1,73,0,0,129
1,45,0,1,0
1,79,0,1,3770
2,47,0,1,550
2,56,0,0,0
2,39,0,0,0
1,47,0,1,819
1,24,0,0,0
2,57,0,0,0
1,61,0,1,556
1,83,0,1,4000
2,44,0,0,0
1,45,0,0,0
2,43,0,0,0
1,35,0,0,2760
1,39,0,0,0
1,30,0,1,0
2,43,0,0,0
1,38,0,1,792
1,75,0,1,3331
1,51,0,1,1917
1,35,0,1,854
1,75,0,1,0
2,19,0,0,0
1,25,0,0,0
2,24,0,1,0
1,60,0,0,0
2,51,0,0,0
1,34,0,1,0
1,61,0,1,0
1,67,0,1,0
2,76,0,1,976
2,63,0,1,1677
1,63,0,1,0
1,34,0,0,458
1,40,0,1,401
1,24,0,0,180
2,43,0,0,1471
1,75,0,0,1414
1,59,0,0,0
2,51,0,1,0
1,20,0,0,0
1,83,0,0,0
1,40,0,0,0
2,40,0,0,2158
1,50,0,0,0
2,42,0,0,718
1,29,0,1,175
1,55,0,0,158
1,39,0,0,277
1,73,0,0,0
2,49,0,1,3571
1,64,0,0,1657
2,48,0,0,0
2,34,0,1,2682
1,51,0,0,323
1,67,0,1,1684
1,79,0,1,3337
2,40,0,1,0
2,34,0,1,2629
1,34,0,0,4000
1,36,0,0,3443
1,55,0,1,0
2,54,0,1,1320
1,78,0,0,0
2,40,0,0,0
1,70,0,1,2218
2,75,0,0,2710
1,48,0,0,0
2,59,0,0,1407
1,77,0,1,0
2,59,0,0,0
1,27,0,0,1066
1,68,0,1,0
1,28,0,0,0
1,21,0,0,0
2,81,0,0,0
2,46,0,1,195
2,21,0,1,0
1,78,0,1,0
1,36,0,1,374
1,70,0,0,3770
1,22,0,0,0
2,86,0,1,2169
1,87,0,0,279
2,28,0,0,0
1,68,0,1,0
2,51,0,0,1903
1,66,0,0,0
1,35,0,1,1673
2,35,0,1,0
2,25,0,1,0
1,51,0,1,0
1,50,0,0,0
1,29,0,1,0
1,45,0,1,402
1,26,0,0,3369
1,34,0,0,1232
1,37,0,0,0
2,61,0,0,782
2,32,0,1,1068
1,43,0,1,800
1,25,0,0,430
1,42,0,1,0
1,48,0,0,0
2,49,0,0,0
2,45,0,0,0
1,58,0,1,1618
1,80,0,1,0
2,54,0,1,543
2,43,0,0,0
1,64,0,1,0
2,63,0,1,0
1,67,0,0,1285
1,44,0,1,0
1,38,0,0,869
1,78,0,0,404
2,35,0,0,0
2,59,0,0,1709
2,53,0,0,1845
1,23,0,0,0
1,70,0,1,645
2,38,0,0,2484
1,27,0,0,0
2,33,0,1,4000
1,49,0,1,3754
1,50,0,1,0
1,26,0,0,1969
2,41,0,0,2727
1,36,0,1,0
2,47,0,1,1637
2,59,0,1,533
2,25,0,0,0
1,45,0,1,0
2,49,0,0,0
1,46,0,0,0
1,23,0,0,3000
2,67,0,1,568
1,90,0,0,1611
1,55,0,1,3320
1,86,0,0,958
1,30,0,0,0
2,83,0,0,0
1,77,0,0,0
1,74,0,1,0
1,24,0,0,1210
1,82,0,0,476
2,84,0,1,22
2,20,0,0,1522
1,88,0,1,0
1,66,0,0,0
1,89,0,0,0
1,88,0,0,639
2,56,0,1,0
1,58,0,1,0
1,77,0,0,0
2,44,0,1,0
1,72,0,1,0
2,55,0,0,3098
2,58,0,1,0
2,28,0,1,0
1,87,0,1,1231
1,74,0,0,0
1,29,0,1,0
1,23,0,0,1098
2,63,0,0,0
1,26,0,0,0
1,23,0,1,978
2,51,0,1,2181
1,82,0,1,3319
1,82,0,0,0
2,46,0,1,430
2,45,0,0,932
1,28,0,0,0
1,29,0,0,0
2,47,0,1,916
1,28,0,0,0
2,49,0,0,0
1,89,0,0,0
1,43,0,1,3805
2,88,0,1,1566
2,77,0,1,213
2,39,0,1,0
1,64,0,1,0
1,85,0,1,3679
2,78,0,1,0
1,67,0,1,0
1,62,0,1,3409
2,37,0,1,1870
1,68,0,0,0
1,40,0,0,998
2,80,0,0,4000
1,51,0,0,2029
1,63,0,0,666
1,51,0,0,336
2,23,0,1,0
1,61,0,0,0
1,35,0,0,1156
1,25,0,0,0
1,88,0,1,0
1,40,0,1,0
1,45,0,0,2419
2,56,0,0,0
1,27,0,1,312
1,52,0,0,0
1,25,0,0,718
1,47,0,0,4000
1,34,0,0,545
1,26,0,0,3035
1,46,0,1,1382
1,19,0,0,0
1,83,0,1,0
1,26,0,0,2598
2,51,0,1,251
2,43,0,1,3425
1,71,0,1,179
1,34,0,0,122
1,41,0,1,372
1,52,0,1,355
1,39,0,0,223
1,34,0,1,0
1,64,0,0,963
1,82,0,1,3502
1,24,0,0,444
1,40,0,0,0
1,27,0,0,0
1,79,0,0,4000
1,31,0,0,2615
1,53,0,1,0
1,53,0,1,0
1,25,0,0,0
1,32,0,0,398
2,31,0,1,667
2,40,0,0,588
1,46,0,0,2421
1,31,0,0,0
2,78,0,1,905
1,79,0,1,0
2,69,0,0,85
2,71,0,1,0
2,34,0,0,0
2,30,0,1,358
1,82,0,1,1322
1,55,0,1,2403
2,43,0,0,0
1,31,0,0,0
2,50,0,1,0
1,79,0,1,0
1,82,0,0,2466
1,29,0,0,0
2,38,0,0,0
2,27,0,0,0
2,74,0,0,4000
2,37,0,0,1589
1,28,0,1,0
2,37,0,0,0
2,34,0,0,1763
1,32,0,0,0
1,31,0,0,2030
1,26,0,0,4000
2,62,0,1,0
1,34,0,0,0
2,40,0,1,0
2,45,0,1,0
1,62,0,0,957
1,38,0,1,0
2,76,0,1,0
1,63,0,1,0
1,38,0,0,1603
1,89,0,0,889
1,64,0,1,381
1,49,0,1,309
1,48,0,1,0
2,31,0,1,892
1,24,0,1,1616
1,49,0,0,0
1,64,0,1,377
1,74,0,1,0
2,61,0,1,0
2,76,0,1,532
2,38,0,1,0
1,58,0,1,727
1,26,0,0,561
1,46,0,0,0
1,54,0,1,0
1,39,0,0,0
1,75,0,1,0
2,51,0,1,0
2,28,0,0,0
1,24,0,0,4000
1,38,0,1,0
1,35,0,0,0
1,30,0,0,3520
1,27,0,0,1945
2,50,0,0,504
2,46,0,1,420
1,73,0,0,316
2,40,0,1,595
1,54,0,1,0
2,31,0,0,0
2,56,0,0,0
1,40,0,0,0
1,29,0,0,2736
1,53,0,0,274
2,48,0,1,0
1,36,0,0,1780
2,77,0,0,1867
1,77,0,0,0
1,29,0,0,0
1,50,0,1,0
1,58,0,1,3253
1,32,0,0,489
1,57,0,1,0
2,53,0,1,468
1,93,0,0,0
1,59,0,1,0
1,70,0,0,913
1,62,0,0,1063
1,41,0,1,2878
1,67,0,1,950
2,49,0,1,2566
2,81,0,0,1376
2,30,0,0,1877
1,72,0,1,140
1,55,0,1,1494
2,63,0,1,3143
1,46,0,0,0
1,65,0,0,0
1,25,0,0,2864
1,56,0,1,0
1,54,0,1,0
1,52,0,0,1062
1,31,0,0,0
2,35,0,0,0
1,27,0,0,3241
1,24,0,0,0
1,54,0,0,688
1,32,0,0,1568
1,59,0,1,0
1,20,0,0,0
1,55,0,1,1299
1,19,0,0,0
1,50,0,1,53
1,80,0,0,165
1,19,0,0,0
1,56,0,1,0
1,47,0,0,2514
2,72,0,1,0
1,89,0,1,0
1,74,0,1,2025
1,29,0,0,2490
1,54,0,1,2486
1,91,0,1,1622
2,72,0,1,0
1,32,0,0,854
1,38,0,0,669
1,54,0,0,335
1,44,0,1,0
2,81,0,1,0
2,77,0,1,579
2,36,0,0,1429
2,46,0,0,0
1,52,0,0,2359
1,85,0,1,0
2,71,0,0,0
1,65,0,1,0
1,58,0,0,386
1,36,0,0,0
1,62,0,0,2411
1,31,0,0,0
1,32,0,0,0
2,76,0,1,0
2,74,0,1,0
1,78,0,0,0
1,49,0,1,3084
1,75,0,1,0
1,65,0,0,460
2,34,0,0,1648
1,76,0,1,4000
1,40,0,0,1260
1,48,0,0,0
1,44,0,1,1303
1,79,0,1,0
2,70,0,1,1577
1,35,0,0,1626
1,28,0,0,0
2,82,0,1,0
2,70,0,1,0
2,34,0,0,0
2,70,0,1,1555
1,28,0,0,569
2,68,0,1,2673
1,51,0,0,0
1,84,0,1,0
1,60,0,0,946
1,74,0,0,0
1,82,0,0,0
1,24,0,1,0
1,49,0,1,0
1,38,0,0,1049
1,63,0,1,0
2,75,0,1,621
2,41,0,1,0
1,26,0,1,0
1,43,0,0,0
1,85,0,1,0
2,67,0,0,3738
1,30,0,0,427
1,78,0,0,0
2,41,0,1,0
1,40,0,1,975
1,38,0,0,0
1,59,0,1,394
2,84,0,0,1557
2,44,0,1,306
1,30,0,1,484
1,57,0,1,0
2,40,0,1,0
2,36,0,0,1122
2,23,0,0,499
2,52,0,0,894
1,57,0,1,0
1,42,0,0,0
1,66,0,0,3186
1,83,0,1,112
1,27,0,0,278
1,48,0,0,0
2,50,0,0,0
1,43,0,1,1533
2,45,0,1,0
2,38,0,1,67
1,25,0,0,0
2,71,0,0,0
1,47,0,1,0
1,27,0,0,0
1,34,0,0,232
2,68,0,0,0
2,49,0,1,0
2,92,0,1,244
1,48,0,1,0
1,27,0,0,2846
1,43,0,0,3
1,78,0,1,260
1,30,0,0,0
1,34,0,0,0
1,37,0,1,0
1,68,0,1,2320
1,49,0,0,377
1,39,0,1,0
2,31,0,1,0
2,57,0,1,0
1,70,0,1,2266
1,34,0,0,0
1,44,0,0,0
1,25,0,0,0
1,58,0,0,0
1,32,0,0,0
1,32,0,0,515
1,29,0,0,0
1,43,0,0,0
2,25,0,0,0
2,59,0,1,0
1,72,0,1,808
2,37,0,1,0
1,71,0,1,0
2,67,0,1,0
1,24,0,0,0
1,61,0,1,245
2,24,0,0,1360
1,51,0,1,0
1,30,0,0,309
2,60,0,0,3305
1,56,0,0,0
1,45,0,0,2810
1,42,0,0,1954
1,27,0,0,1698
1,40,0,1,0
2,67,0,0,0
1,33,0,0,0
1,33,0,0,0
1,77,0,1,0
2,49,0,1,1307
1,84,0,1,2046
2,21,0,0,0
1,22,0,0,52
1,74,0,0,2096
1,75,0,1,452
1,35,0,0,1333
2,73,0,0,2144
1,44,0,0,0
2,33,0,1,2323
1,54,0,1,0
1,38,0,0,1058
1,77,0,1,518
1,46,0,1,0
1,75,0,1,0
1,91,0,0,0
2,61,0,0,0
2,47,0,1,2348
1,84,0,1,0
1,41,0,0,762
1,32,0,0,1081
1,27,0,0,0
1,30,0,0,435
1,57,0,0,719
1,52,0,0,703
1,35,0,0,0
1,72,0,0,0
2,49,0,1,56
1,72,0,1,2311
1,68,0,1,1958
1,35,0,0,0
1,21,0,0,1568
1,29,0,0,0
1,33,0,0,3330
1,51,0,0,0
1,20,0,0,0
1,58,0,1,0
2,49,0,0,0
2,39,0,1,0
1,52,0,0,935
1,72,0,1,0
1,70,0,1,0
2,70,0,0,0
2,48,0,1,0
1,81,0,1,2989
1,30,0,0,0
1,21,0,0,2619
2,86,0,0,339
1,77,0,1,581
2,40,0,0,0
1,44,0,0,1752
1,61,0,0,0
2,29,0,0,281
1,65,0,0,0
1,24,0,0,0
1,40,0,0,0
1,36,0,0,0
2,56,0,0,0
1,39,0,0,1504
1,81,0,0,155
1,42,0,1,0
1,49,0,0,0
1,34,0,0,1593
1,19,0,0,3944
1,50,0,0,0
1,32,0,0,0
1,45,0,1,2424
2,38,0,0,2571
2,51,0,0,0
1,39,0,0,0
1,37,0,0,0
1,44,0,1,627
1,65,0,0,380
1,46,0,1,0
2,45,0,0,0
1,46,0,0,0
1,34,0,0,0
1,34,0,0,0
1,88,0,1,0
1,35,0,0,199
2,66,0,0,0
1,52,0,0,0
1,40,0,1,0
1,84,0,1,2628
1,36,0,0,0
2,81,0,1,60
1,74,0,0,0
1,69,0,1,670
2,37,0,0,0
2,69,0,1,506
2,48,0,1,718
1,70,0,0,0
1,60,0,0,3155
2,57,0,1,2020
1,38,0,0,1605
1,52,0,0,0
1,34,0,0,1338
1,33,0,1,0
1,68,0,0,397
2,55,0,0,0
1,38,0,0,767
1,55,0,1,0
2,21,0,1,0
1,54,0,1,0
2,42,0,1,0
1,81,0,1,3707
1,87,0,1,0
1,80,0,1,0
1,32,0,0,3888
1,26,0,0,1570
1,33,0,0,0
1,76,0,1,0
1,30,0,0,273
1,66,0,0,0
1,64,0,0,0
1,84,0,0,1730
1,87,0,1,0
2,39,0,0,341
1,37,0,0,0
1,68,0,1,1354
2,72,0,0,0
2,69,0,1,992
2,62,0,0,683
2,71,0,1,967
1,80,0,0,2914
1,51,0,0,560
1,60,0,0,0
2,40,0,0,258
2,90,0,0,1804
2,78,0,1,0
2,64,0,1,0
1,73,0,1,2330
2,39,0,1,0
1,38,0,0,0
1,56,0,1,449
1,28,0,0,115
2,81,0,1,0
2,81,0,1,0
1,79,0,0,1657
2,59,0,1,0
2,57,0,1,0
2,29,0,0,0
1,64,0,1,0
1,27,0,0,2450
1,76,0,0,0
1,33,0,0,1188
1,80,0,1,0
2,28,0,0,0
1,43,0,1,0
2,80,0,0,705
2,30,0,0,0
1,55,0,1,0
2,27,0,0,1479
1,58,0,0,2838
1,48,0,1,0
2,60,0,0,1111
2,83,0,1,0
2,36,0,0,526
2,24,0,0,1521
1,23,0,0,0
1,25,0,0,0
1,30,0,0,0
1,30,0,0,0
1,73,0,0,1127
2,68,0,1,1136
1,37,0,1,0
1,86,0,0,0
2,44,0,1,0
1,47,0,1,1025
1,26,0,0,0
1,54,0,0,1017
2,46,0,0,2874
2,87,0,1,3578
1,34,0,0,0
1,48,0,1,3202
1,47,0,0,0
1,35,0,0,1379
1,29,0,0,4000
2,47,0,0,0
1,44,0,1,0
2,73,0,1,0
1,47,0,0,1436
1,34,0,1,0
2,71,0,0,4000
1,71,0,0,3736
2,43,0,1,0
2,58,0,0,0
1,41,0,0,0
1,38,0,0,4000
1,75,0,0,0
1,42,0,1,1644
1,28,0,0,130
2,84,0,0,783
1,34,0,0,0
1,74,0,0,1766
1,21,0,0,1363
2,72,0,0,0
2,36,0,1,0
2,36,0,0,0
1,58,0,0,281
1,21,0,0,1228
1,32,0,0,1966
1,57,0,1,0
2,84,0,1,404
2,33,0,1,150
1,30,0,0,0
1,39,0,1,185
1,83,0,1,0
2,88,0,1,0
1,45,0,0,1171
2,81,0,1,1716
1,45,0,1,2623
2,71,0,0,0
2,61,0,1,0
2,52,0,0,639
1,33,0,1,231
1,69,0,1,1796
1,27,0,0,0
1,66,0,0,0
1,33,0,1,2039
1,79,0,1,0
1,74,0,0,0
1,79,0,1,755
1,59,0,1,541
1,59,0,1,0
2,49,0,0,0
1,28,0,0,1735
1,35,0,0,0
2,61,0,1,0
1,44,0,1,2646
1,48,0,0,0
1,41,0,0,0
1,51,0,1,0
1,59,0,1,233
1,37,0,1,0
2,46,0,0,2204
2,54,0,0,1176
2,38,0,1,1480
1,67,0,1,0
1,40,0,1,3438
2,28,0,0,0
1,38,0,1,0
1,78,0,0,0
2,56,0,1,389
1,47,0,0,197
1,35,0,0,0
1,30,0,1,0
1,38,0,0,2514
2,44,0,1,0
1,35,0,0,1078
1,50,0,1,0
2,58,0,0,0
2,43,0,1,1869
1,36,0,0,1493
1,41,0,0,0
1,68,0,1,0
1,37,0,1,802
1,30,0,0,0
2,52,0,1,2644
1,81,0,1,0
1,38,0,0,0
1,71,0,1,976
2,77,0,0,0
1,91,0,0,0
1,53,0,0,0
1,31,0,0,0
1,26,0,0,0
1,24,0,0,632
2,26,0,0,0
2,71,0,1,0
2,68,0,0,525
2,80,0,0,2630
2,47,0,0,525
1,79,0,1,2360
1,77,0,1,0
2,81,0,0,0
1,71,0,1,0
2,55,0,0,1487
1,39,0,0,0
1,83,0,1,511
1,81,0,1,0
2,76,0,1,0
1,45,0,0,1133
2,77,0,1,141
1,77,0,1,0
1,39,0,0,748
1,44,0,0,0
2,43,0,1,0
1,46,0,0,4000
1,37,0,1,0
2,41,0,0,0
1,52,0,0,0
1,65,0,0,0
1,74,0,1,0
1,91,0,0,0
1,84,0,1,161
2,45,0,0,0
1,49,0,1,0
1,31,0,1,0
1,58,0,1,478
1,70,0,1,2810
1,89,0,1,914
2,47,0,1,1801
1,35,0,0,2709
2,77,0,1,0
2,82,0,1,0
1,33,0,0,0
1,30,0,1,478
1,38,0,0,0
1,70,0,1,371
1,42,0,1,2968
1,50,0,0,0
2,31,0,1,0
1,68,0,1,2730
1,80,0,1,1947
1,76,0,1,0
1,82,0,0,0
1,33,0,1,0
1,48,0,1,22
1,75,0,1,3927
2,35,0,1,0
1,44,0,0,0
2,59,0,1,1543
1,74,0,0,0
1,55,0,1,0
2,49,0,0,0
2,27,0,0,0
1,42,0,1,4000
1,60,0,1,0
1,66,0,1,1873
2,38,0,0,0
2,65,0,1,1933
1,71,0,0,0
1,85,0,0,1204
1,27,0,0,4000
1,32,0,0,362
1,95,0,0,2099
1,42,0,1,1351
1,65,0,1,0
1,49,0,1,398
1,34,0,0,0
1,53,0,0,1032
1,35,0,0,3503
1,38,0,0,894
1,59,0,0,0
1,37,0,0,0
1,36,0,0,0
1,44,0,1,0
1,38,0,1,948
1,30,0,0,0
1,48,0,1,3726
1,67,0,1,0
1,54,0,0,0
1,39,0,1,0
1,70,0,0,358
1,82,0,1,3661
2,67,0,1,0
1,49,0,1,0
2,45,0,1,3565
1,72,0,1,0
2,51,0,1,2296
1,72,0,1,0
1,56,0,0,0
2,68,0,1,1538
1,91,0,0,717
1,80,0,1,2783
2,57,0,1,449
1,38,0,0,0
1,78,0,0,581
1,26,0,1,0
1,62,0,1,2592
1,48,0,0,2010
1,54,0,0,0
2,87,0,1,0
1,64,0,1,0
2,33,0,0,7
2,52,0,1,1636
1,54,0,1,3669
2,78,0,0,0
2,34,0,0,1699
2,39,0,1,813
2,58,0,1,3093
2,37,0,1,0
1,38,0,0,1231
1,47,0,0,1013
2,42,0,0,0
1,48,0,1,0
2,44,0,1,1319
1,66,0,0,0
1,71,0,0,233
1,63,0,0,0
2,51,0,0,2002
2,61,0,0,637
2,77,0,1,0
1,69,0,1,1280
1,31,0,0,4000
1,71,0,0,2882
1,86,0,0,2580
1,40,0,1,73
1,73,0,1,0
2,36,0,1,2701
1,67,0,1,0
1,92,0,0,0
1,42,0,0,0
1,65,0,1,370
1,25,0,1,0
2,34,0,1,3409
1,84,0,1,909
1,48,0,0,227
1,65,0,0,0
1,27,0,0,0
1,71,0,1,0
1,47,0,0,0
2,33,0,1,0
1,81,0,0,0
1,53,0,0,0
2,25,0,1,3102
1,38,0,1,1276
2,54,0,0,0
2,24,0,0,0
1,56,0,1,1071
1,31,0,0,4000
2,84,0,1,0
1,38,0,0,0
1,49,0,1,0
1,59,0,1,0
1,64,0,0,0
1,82,0,1,1979
2,55,0,0,0
1,37,0,0,0
1,82,0,1,164
2,44,0,1,0
1,78,0,0,0
1,27,0,1,858
1,87,0,1,0
1,88,0,0,834
1,92,0,0,2781
1,69,0,1,0
2,79,0,1,0
1,35,0,1,4000
1,65,0,1,0
1,28,0,0,0
1,29,0,0,1733
2,71,0,1,2105
1,41,0,1,2761
1,30,0,0,0
1,63,0,0,0
1,36,0,0,0
1,45,0,0,6
1,31,0,0,2015
1,47,0,0,0
2,65,0,1,0
2,36,0,0,0
2,70,0,1,4000
1,68,0,1,0
1,72,0,0,0
1,67,0,0,0
2,41,0,1,1454
1,50,0,1,0
2,56,0,0,0
1,66,0,1,877
1,58,0,1,0
1,52,0,0,2362
2,35,0,0,795
1,91,0,0,859
1,80,0,1,0
2,84,0,0,525
1,77,0,1,0
2,21,0,1,0
1,45,0,1,1488
2,31,0,0,1380
1,45,0,1,1863
2,76,0,1,381
1,26,0,1,0
2,56,0,1,2450
1,25,0,0,0
2,82,0,1,693
1,34,0,1,0
1,82,0,1,0
1,81,0,0,0
1,53,0,1,1409
1,82,0,0,413
2,79,0,1,1415
1,81,0,0,0
1,48,0,0,0
1,50,0,0,0
1,31,0,0,0
1,28,0,0,0
1,32,0,0,0
1,22,0,0,890
1,31,0,0,1486
1,49,0,0,41
1,26,0,1,3035
2,31,0,0,0
2,48,0,1,1726
1,53,0,1,2620
2,66,0,1,1655
1,81,0,1,0
2,71,0,1,1686
1,68,0,1,756
2,53,0,0,0
1,75,0,0,741
1,41,0,1,0
1,20,0,0,0
1,54,0,0,259
2,29,0,0,0
2,67,0,1,0
1,35,0,0,0
2,65,0,0,0
1,55,0,1,1692
2,19,0,1,0
2,51,0,1,0
1,68,0,1,0
1,35,0,0,1822
1,49,0,1,0
2,46,0,1,3691
1,47,0,1,1198
1,72,0,0,0
1,38,0,1,1022
1,25,0,0,0
1,90,0,0,0
1,50,0,0,1003
1,35,0,0,1280
1,36,0,0,0
2,55,0,1,0
1,61,0,1,0
2,50,0,0,3891
1,53,0,1,1012
2,41,0,1,0
1,44,0,1,0
2,49,0,0,0
1,50,0,1,1370
2,36,0,0,2473
1,55,0,1,78
1,32,0,1,1161
2,28,0,1,11
2,45,0,0,1234
1,28,0,0,0
2,34,0,0,311
2,25,0,0,0
1,55,0,0,484
2,44,0,1,0
2,38,0,0,1337
2,66,0,1,338
1,26,0,0,0
1,37,0,0,0
1,36,0,0,0
1,40,0,0,2950
2,32,0,0,1229
1,59,0,0,1870
1,35,0,0,4000
2,34,0,0,0
1,28,0,0,0
2,70,0,1,0
1,23,0,0,1359
2,39,0,0,0
2,23,0,1,1436
1,24,0,0,0
1,43,0,0,1419
1,36,0,0,599
1,59,0,1,4000
2,69,0,1,0
1,38,0,1,3118
2,33,0,0,0
1,33,0,0,1600
1,36,0,0,0
1,57,0,0,1933
1,28,0,0,0
1,27,0,0,0
1,46,0,0,0
1,21,0,1,0
1,34,0,0,0
2,43,0,0,0
2,46,0,0,1484
2,50,0,0,0
2,28,0,0,0
2,28,0,0,0
1,74,0,0,0
2,52,0,1,0
1,24,0,0,0
2,42,0,0,0
1,79,0,1,0
1,30,0,0,0
1,44,0,1,0
2,42,0,0,1637
2,74,0,1,0
2,41,0,1,0
1,45,0,1,0
1,28,0,0,1496
1,54,0,1,1104
1,42,0,1,0
1,31,0,0,0
2,58,0,1,0
2,30,0,0,1848
1,27,0,0,0
1,52,0,1,0
1,75,0,1,0
1,28,0,1,2118
1,68,0,0,0
1,68,0,0,0
1,91,0,1,0
1,40,0,1,0
1,52,0,1,1547
1,38,0,0,472
1,76,0,1,589
1,77,0,1,425
1,56,0,1,838
1,76,0,1,0
2,62,0,1,1960
1,61,0,0,549
2,25,0,0,3500
1,34,0,0,884
1,25,0,0,0
1,49,0,1,4000
1,33,0,0,447
2,28,0,0,0
2,37,0,1,287
1,31,0,0,2822
1,35,0,0,0
1,31,0,0,0
2,30,0,1,1266
2,57,0,1,0
1,59,0,0,0
1,28,0,0,493
2,68,0,0,2406
1,37,0,0,0
1,34,0,0,0
2,38,0,1,0
1,28,0,0,0
2,32,0,0,2426
1,31,0,0,261
2,21,0,0,1327
1,33,0,0,4000
2,30,0,0,1249
1,44,0,0,891
1,29,0,0,0
1,39,0,0,3038
1,40,0,0,3475
1,58,0,0,560
1,73,0,1,0
2,55,0,0,1993
1,50,0,0,0
1,41,0,0,0
1,53,0,1,0
1,31,0,1,0
1,70,0,1,323
1,70,0,0,0
1,50,0,0,0
1,57,0,1,0
1,38,0,1,1268
2,77,0,1,0
2,41,0,1,0
1,32,0,1,0
1,42,0,0,0
2,23,0,0,843
1,44,0,1,2253
2,30,0,0,1408
1,30,0,0,1557
2,82,0,1,0
2,70,0,1,403
1,70,0,1,0
1,91,0,1,0
2,56,0,0,1625
1,88,0,1,3881
2,37,0,0,365
2,32,0,0,0
1,80,0,1,0
2,22,0,1,0
1,20,0,0,0
1,51,0,0,911
1,41,0,0,0
2,28,0,0,439
1,65,0,1,203
1,34,0,0,1023
1,80,0,0,0
1,50,0,0,3860
1,63,0,1,4000
1,49,0,0,490
1,32,0,0,0
1,39,0,0,3211
2,47,0,1,2208
2,78,0,1,0
1,46,0,1,1294
2,88,0,0,930
1,48,0,0,0
1,42,0,0,904
1,29,0,0,0
1,28,0,0,2452
2,65,0,0,0
1,43,0,1,2203
1,39,0,1,0
2,43,0,1,0
2,80,0,0,2815
1,77,0,1,2157
1,33,0,1,594
1,82,0,1,3115
1,84,0,0,0
2,74,0,1,0
2,59,0,0,0
1,65,0,1,929
1,77,0,1,51
1,36,0,1,1212
2,73,0,1,1534
2,49,0,1,0
2,48,0,0,0
1,87,0,1,0
1,33,0,0,3140
2,48,0,1,3921
2,57,0,1,0
1,44,0,0,1310
1,39,0,0,0
2,44,0,0,3231
2,79,0,1,3152
1,90,0,1,0
1,81,0,1,0
1,80,0,0,3778
1,77,0,0,0
1,22,0,0,0
2,45,0,1,0
1,42,0,0,0
2,52,0,0,0
1,59,0,0,0
2,24,0,0,2198
1,22,0,0,1820
1,27,0,0,0
1,30,0,1,0
1,23,0,0,0
1,32,0,0,0
1,85,0,0,1236
2,27,0,0,0
1,40,0,1,564
1,74,0,1,105
1,81,0,1,0
1,82,0,0,2264
1,72,0,1,0
2,32,0,1,1317
1,57,0,1,1024
1,82,0,1,908
2,75,0,0,0
1,78,0,1,0
1,79,0,1,0
1,51,0,0,0
1,80,0,1,0
2,48,0,1,1288
1,62,0,1,0
2,42,0,0,769
1,29,0,1,1898
1,57,0,1,1405
2,59,0,1,0
2,51,0,0,0
1,37,0,0,0
1,41,0,0,0
2,52,0,1,813
1,49,0,1,0
1,42,0,1,0
1,53,0,1,0
1,73,0,1,187
1,41,0,0,1874
2,25,0,0,1762
2,50,0,0,1501
2,30,0,1,0
1,41,0,0,0
1,72,0,1,455
1,39,0,0,0
2,61,0,1,0
1,80,0,1,1730
2,52,0,0,1966
2,41,0,1,649
1,76,0,1,0
1,39,0,0,1366
1,36,0,0,0
1,37,0,1,2689
1,54,0,0,0
1,29,0,0,1183
1,30,0,1,389
1,47,0,0,76
1,58,0,0,0
1,82,0,1,2704
1,62,0,0,2681
1,28,0,0,0
1,61,0,1,216
2,41,0,0,116
1,23,0,0,3908
1,24,0,1,0
1,54,0,0,0
1,49,0,0,0
1,42,0,0,0
1,49,0,1,0
1,87,0,1,781
1,48,0,1,0
2,60,0,1,1110
2,66,0,1,181
1,58,0,0,361
2,47,0,1,103
1,70,0,0,0
1,74,0,1,455
2,75,0,1,0
1,83,0,1,0
1,31,0,0,0
2,31,0,0,0
1,38,0,1,0
1,36,0,0,0
2,23,0,0,0
2,40,0,1,797
2,40,0,1,0
1,48,0,0,0
1,40,0,0,3889
2,66,0,1,2561
1,36,0,0,0
1,40,0,0,957
2,77,0,1,0
2,27,0,0,3008
1,54,0,1,1073
1,54,0,0,0
1,64,0,0,0
1,89,0,1,306
1,40,0,0,0
1,36,0,0,0
2,40,0,0,0
1,51,0,1,3182
1,61,0,1,0
1,51,0,1,0
1,82,0,0,4000
2,71,0,1,4000
1,74,0,1,1627
1,72,0,1,0
1,53,0,0,0
1,53,0,1,2145
1,77,0,0,0
1,33,0,1,0
2,57,0,1,0
2,96,0,1,510
1,82,0,0,1493
2,45,0,1,0
1,28,0,1,2038
1,32,0,0,1242
2,42,0,0,0
1,51,0,0,0
2,42,0,0,1733
1,31,0,0,2893
1,59,0,0,0
1,68,0,1,1422
1,38,0,1,2387
1,73,0,1,201
1,43,0,0,908
1,48,0,1,2261
1,41,0,0,2503
1,46,0,0,0
1,54,0,1,924
1,65,0,1,2667
2,49,0,0,0
2,71,0,0,526
1,70,0,1,1300
2,83,0,1,0
1,43,0,1,2369
2,94,0,0,0
1,80,0,0,245
1,27,0,0,256
2,51,0,1,0
1,66,0,0,0
2,40,0,1,0
2,48,0,0,2103
1,33,0,0,2206
1,73,0,1,399
1,67,0,1,0
2,44,0,1,3374
1,62,0,1,0
1,54,0,1,3001
1,51,0,0,0
1,38,0,0,2276
2,56,0,1,4000
1,54,0,1,1230
1,72,0,0,1348
1,71,0,1,0
2,54,0,1,0
2,58,0,1,0
1,35,0,1,1831
1,79,0,1,0
2,54,0,1,183
1,72,0,0,4000
2,80,0,0,1875
1,51,0,1,2845
1,75,0,1,1594
1,71,0,1,589
2,83,0,0,0
1,55,0,1,39
1,47,0,1,0
1,40,0,1,2302
2,43,0,0,1473
1,60,0,1,1108
2,25,0,1,0
1,20,0,0,1276
1,76,0,1,832
1,40,0,1,0
1,46,0,1,625
2,71,0,0,1763
1,75,0,1,0
1,27,0,0,3534
1,34,0,0,1583
1,48,0,0,0
1,74,0,1,0
1,86,0,1,0
2,28,0,0,1669
1,57,0,0,0
1,44,0,1,0
2,57,0,1,2460
1,38,0,0,0
1,37,0,0,1502
1,49,0,0,1091
2,86,0,0,1122
1,65,0,0,0
2,44,0,1,0
1,63,0,1,2957
2,68,0,1,262
1,36,0,0,0
1,45,0,0,0
1,48,0,0,812
2,29,0,0,0
2,70,0,0,0
1,36,0,0,0
2,32,0,1,0
1,36,0,1,1155
1,73,0,1,751
1,35,0,0,1802
1,60,0,0,0
1,77,0,1,968
1,37,0,0,0
1,81,0,0,145
1,41,0,0,0
1,77,0,1,1559
1,68,0,0,1040
2,70,0,1,592
1,51,0,1,1782
1,90,0,1,0
1,73,0,1,0
1,95,0,1,1849
1,27,0,0,1159
1,53,0,0,0
2,53,0,1,4000
1,82,0,1,2652
2,64,0,0,0
2,47,0,1,0
2,40,0,0,4000
1,76,0,0,1401
1,78,0,1,0
1,65,0,1,1538
2,43,0,1,0
1,50,0,1,0
1,63,0,1,0
2,25,0,1,0
1,75,0,1,418
2,47,0,1,0
1,88,0,1,0
1,42,0,0,1967
1,78,0,1,1579
1,24,0,0,607
1,93,0,0,0
1,25,0,0,0
1,71,0,0,0
1,24,0,0,1791
1,45,0,0,390
1,66,0,1,0
1,33,0,1,0
2,48,0,1,0
2,71,0,1,2239
1,60,0,0,2373
1,30,0,0,0
1,29,0,0,2751
1,33,0,0,0
1,59,0,1,0
1,25,0,1,2701
1,79,0,0,752
2,40,0,1,0
1,47,0,0,2264
1,76,0,0,0
1,45,0,0,2670
1,52,0,1,0
1,68,0,0,2365
1,61,0,1,0
1,37,0,0,0
2,70,0,1,4000
1,73,0,1,204
1,89,0,1,0
1,40,0,0,100
1,28,0,0,1206
2,46,0,1,0
1,40,0,0,987
1,62,0,0,0
1,71,0,0,1346
2,42,0,0,0
1,32,0,1,67
1,33,0,1,0
1,79,0,0,0
1,43,0,0,0
2,53,0,1,2588
1,64,0,1,1114
2,81,0,0,1925
1,30,0,1,0
1,85,0,1,205
1,59,0,1,69
1,27,0,0,0
1,32,0,0,2980
2,53,0,0,2544
1,35,0,0,0
1,46,0,1,2816
1,65,0,1,0
1,35,0,1,0
1,32,0,0,0
1,55,0,0,0
1,86,0,1,2574
1,93,0,0,1371
1,44,0,1,0
1,88,0,1,2125
1,27,0,0,1112
2,42,0,1,0
2,73,0,1,3073
2,66,0,1,0
1,41,0,0,0
1,54,0,1,0
1,54,0,1,1793
1,51,0,0,0
1,70,0,1,991
1,40,0,1,0
1,38,0,1,622
1,59,0,0,2879
2,22,0,1,0
1,56,0,0,2327
1,47,0,0,1007
1,33,0,0,1089
1,77,0,0,0
1,34,0,1,81
1,57,0,1,0
1,74,0,1,896
1,35,0,1,0
1,35,0,0,1776
2,85,0,1,0
2,60,0,0,0
1,67,0,0,0
1,30,0,0,0
1,20,0,0,0
1,56,0,1,3177
1,28,0,0,3393
1,42,0,0,0
2,46,0,0,0
1,23,0,0,778
1,73,0,1,0
1,51,0,1,0
1,52,0,1,0
1,59,0,0,2853
1,53,0,0,0
1,22,0,0,2040
1,57,0,1,0
2,63,0,1,0
1,32,0,1,0
1,55,0,1,0
2,45,0,1,0
2,45,0,1,630
1,28,0,1,0
1,26,0,0,191
1,81,0,0,1103
1,44,0,1,44
1,57,0,0,0
1,29,0,0,0
1,69,0,1,1734
1,50,0,0,0
1,79,0,1,982
1,29,0,0,906
1,27,0,0,0
1,34,0,0,1173
1,27,0,0,438
1,21,0,0,0
2,30,0,0,681
1,36,0,1,0
1,22,0,0,0
1,30,0,0,0
2,44,0,1,3130
1,54,0,0,371
1,38,0,1,0
1,85,0,1,0
1,72,0,1,0
2,42,0,0,1196
2,31,0,0,28
1,44,0,0,554
1,33,0,1,0
1,22,0,0,763
1,89,0,0,1996
1,48,0,0,459
1,36,0,1,3995
1,49,0,1,0
1,49,0,0,0
1,30,0,1,0
1,76,0,1,394
1,21,0,0,4000
1,62,0,0,0
2,71,0,1,596
1,90,0,0,223
1,35,0,1,2113
2,64,0,1,1897
1,48,0,1,883
1,91,0,1,768
1,67,0,0,0
1,64,0,0,1950
1,62,0,1,0
1,44,0,1,729
1,41,0,1,0
1,31,0,0,68
2,40,0,1,0
1,72,0,0,0
1,26,0,0,0
1,40,0,0,1340
1,32,0,0,0
1,33,0,0,0
1,49,0,1,525
1,31,0,0,0
1,35,0,1,1210
1,20,0,0,0
1,35,0,1,0
1,28,0,1,0
1,67,0,1,256
2,46,0,0,172
1,33,0,0,0
1,40,0,0,4000
2,82,0,0,0
1,67,0,1,4000
1,82,0,1,0
1,64,0,1,1454
1,19,0,0,905
2,71,0,1,0
1,35,0,1,0
1,47,0,0,0
1,36,0,1,4000
2,62,0,0,0
2,37,0,1,911
2,81,0,0,0
2,75,0,0,2167
2,50,0,1,1022
2,32,0,0,0
1,33,0,1,0
1,49,0,0,444
1,71,0,1,311
1,28,0,0,0
1,84,0,1,0
1,84,0,0,2000
1,44,0,0,1688
1,71,0,0,1435
1,32,0,0,0
1,45,0,1,0
1,47,0,0,0
2,71,0,1,0
1,44,0,1,0
1,48,0,1,1440
2,75,0,1,2604
2,46,0,1,956
2,53,0,1,1572
1,69,0,1,1454
1,33,0,0,0
1,66,0,0,1083
1,60,0,0,1681
1,35,0,1,0
2,66,0,0,949
1,63,0,1,2137
1,67,0,0,1806
1,79,0,1,0
2,42,0,1,1057
2,73,0,1,0
1,24,0,1,865
1,83,0,0,2167
1,55,0,0,0
2,43,0,1,0
1,53,0,0,2255
1,53,0,0,0
1,51,0,1,0
2,46,0,0,0
1,31,0,0,507
2,56,0,0,0
1,70,0,1,1729
1,42,0,1,3409
2,48,0,1,0
1,58,0,1,1941
1,42,0,1,0
1,26,0,1,0
1,33,0,0,3446
1,81,0,1,0
1,28,0,1,0
2,45,0,1,0
1,41,0,0,0
1,44,0,0,0
1,37,0,0,0
1,65,0,1,1633
1,25,0,0,0
2,37,0,1,0
2,75,0,0,2184
1,76,0,1,0
1,44,0,1,0
1,80,0,1,0
2,43,0,1,0
1,81,0,0,0
1,79,0,1,2576
1,82,0,1,1182
1,78,0,0,0
1,41,0,1,1810
1,78,0,1,0
1,47,0,1,3660
1,40,0,1,38
1,36,0,0,2956
1,70,0,0,0
2,36,0,0,2464
1,70,0,1,0
2,77,0,1,0
2,68,0,0,0
2,53,0,0,0
2,67,0,1,2825
1,64,0,1,0
2,49,0,0,0
1,49,0,0,0
1,26,0,0,0
2,50,0,0,2474
1,42,0,0,183
1,28,0,0,0
1,52,0,0,852
1,27,0,0,0
1,83,0,0,2139
1,36,0,0,1434
1,23,0,0,2584
1,57,0,0,236
2,48,0,1,0
1,47,0,1,0
2,35,0,1,0
1,68,0,0,889
2,59,0,0,0
1,65,0,1,0
1,33,0,0,0
1,61,0,1,0
1,41,0,1,1195
2,52,0,0,538
1,32,0,1,394
1,47,0,0,0
2,37,0,0,0
2,50,0,0,0
1,38,0,1,0
2,66,0,1,2096
1,31,0,0,0
1,24,0,0,32
2,65,0,1,2966
1,41,0,0,203
1,30,0,1,727
1,45,0,1,2307
2,42,0,0,0
1,21,0,0,603
2,37,0,0,3327
1,40,0,1,0
1,24,0,1,0
1,68,0,1,0
1,36,0,0,274
1,78,0,0,225
1,78,0,1,2912
1,83,0,0,1152
1,87,0,0,0
1,58,0,1,2856
1,30,0,1,0
1,34,0,0,968
1,60,0,1,0
1,55,0,1,0
1,61,0,1,2871
1,53,0,0,187
2,24,0,0,0
1,29,0,0,3344
1,24,0,0,0
2,59,0,1,758
1,56,0,1,0
1,37,0,1,0
1,37,0,0,1195
1,25,0,0,0
1,43,0,0,0
2,78,0,1,0
1,46,0,0,2264
1,19,0,0,0
1,49,0,1,2167
1,39,0,1,2337
1,52,0,0,4000
1,30,0,0,0
1,31,0,0,0
1,48,0,0,1937
1,49,0,0,0
1,66,0,0,0
1,50,0,1,0
1,37,0,0,1495
1,79,0,0,0
1,31,0,0,85
2,47,0,0,0
1,35,0,0,0
1,79,0,0,0
1,71,0,1,724
1,29,0,1,4000
1,27,0,0,0
2,38,0,1,945
2,41,0,1,0
1,54,0,0,403
1,24,0,0,861
1,75,0,0,68
1,39,0,1,0
2,57,0,1,1791
1,48,0,1,0
2,59,0,1,0
2,43,0,1,0
2,33,0,0,2961
1,50,0,1,0
2,37,0,1,726
1,48,0,1,0
1,31,0,0,0
2,54,0,0,0
2,51,0,0,1082
2,48,0,0,1778
1,53,0,0,0
2,33,0,1,0
1,39,0,1,367
1,35,0,1,0
1,34,0,0,774
2,30,0,0,0
1,76,0,1,0
1,54,0,1,0
1,24,0,0,0
1,38,0,0,0
1,77,0,1,0
1,68,0,1,1370
2,60,0,1,0
1,49,0,1,1821
1,20,0,0,0
1,43,0,1,3791
1,39,0,0,1243
1,50,0,0,0
2,85,0,0,0
1,35,0,1,0
1,37,0,1,2698
1,84,0,0,0
2,50,0,0,0
2,34,0,1,2267
1,45,0,0,2781
2,74,0,1,922
1,75,0,0,1628
1,63,0,0,0
2,39,0,0,0
1,22,0,0,0
1,40,0,0,0
1,41,0,0,0
1,48,0,0,2434
1,25,0,0,158
1,38,0,0,411
2,53,0,0,971
2,40,0,0,0
1,32,0,0,0
1,44,0,1,0
1,66,0,1,0
1,51,0,0,0
1,33,0,0,0
1,84,0,0,0
1,85,0,0,0
1,41,0,0,0
1,36,0,0,0
2,55,0,1,0
1,82,0,1,952
1,80,0,0,0
1,55,0,1,0
2,36,0,0,0
1,50,0,1,0
1,24,0,0,0
1,74,0,1,603
2,74,0,0,1120
2,75,0,1,0
1,68,0,0,0
1,42,0,0,1998
1,46,0,1,0
1,36,0,0,0
1,88,0,0,0
1,32,0,0,2151
1,39,0,1,955
1,36,0,1,0
2,78,0,1,0
2,86,0,0,4000
1,70,0,1,239
1,54,0,1,2139
1,50,0,0,0
2,57,0,1,4000
2,45,0,0,0
1,48,0,1,1954
2,62,0,0,80
1,42,0,1,0
1,25,0,0,726
1,27,0,0,1457
2,53,0,1,0
2,75,0,0,1377
1,39,0,0,0
1,45,0,1,2226
1,79,0,0,2019
2,39,0,1,0
2,36,0,1,0
2,79,0,1,0
1,41,0,0,0
1,55,0,1,0
1,37,0,1,1551
1,86,0,1,0
1,66,0,1,2305
1,48,0,0,0
1,23,0,0,2354
1,60,0,1,2104
1,76,0,1,0
2,31,0,0,167
1,31,0,0,0
2,40,0,1,0
1,43,0,0,0
2,27,0,0,509
1,55,0,1,2036
2,52,0,1,2127
2,66,0,1,0
1,61,0,0,297
1,40,0,0,53
1,26,0,0,0
1,46,0,1,1427
1,50,0,1,0
2,65,0,1,0
1,87,0,1,181
1,35,0,0,0
1,64,0,0,1425
1,27,0,0,720
1,42,0,0,1830
1,44,0,0,2233
1,35,0,0,262
1,52,0,0,0
2,41,0,0,1263
1,56,0,1,1885
1,29,0,1,2687
2,43,0,1,0
2,41,0,1,0
1,77,0,1,1487
1,35,0,0,0
1,40,0,0,33
1,56,0,0,0
1,60,0,1,210
1,55,0,1,0
1,39,0,1,0
1,30,0,0,0
1,74,0,0,0
1,43,0,0,1219
1,25,0,0,0
1,40,0,1,0
2,57,0,1,0
2,40,0,1,0
2,70,0,0,758
1,57,0,1,0
1,79,0,0,0
1,23,0,0,0
1,56,0,0,0
1,41,0,1,339
1,47,0,0,2971
1,48,0,0,0
1,20,0,0,592
1,80,0,1,0
1,64,0,0,0
1,84,0,0,2028
1,33,0,0,0
1,47,0,0,0
1,40,0,0,14
1,39,0,0,0
1,79,0,1,97
1,31,0,0,0
1,38,0,0,0
1,74,0,1,1705
2,30,0,0,137
1,29,0,0,2970
1,29,0,0,49
1,58,0,1,3487
1,84,0,0,2932
2,72,0,0,845
2,48,0,1,3099
1,74,0,1,2437
1,51,0,0,0
1,75,0,1,0
1,75,0,0,0
1,91,0,0,0
1,52,0,0,1620
1,52,0,1,0
2,49,0,1,0
1,70,0,1,0
2,47,0,1,157
1,37,0,0,220
2,49,0,0,3481
2,50,0,0,0
1,28,0,0,379
1,83,0,0,0
1,31,0,0,553
2,73,0,1,831
2,51,0,1,2716
1,27,0,0,0
1,37,0,0,0
1,85,0,1,120
1,94,0,0,135
1,55,0,0,0
2,76,0,0,0
1,25,0,0,0
1,94,0,0,1168
1,77,0,0,0
1,19,0,0,0
2,65,0,0,1556
2,76,0,1,3086
1,85,0,1,4000
1,25,0,0,0
1,60,0,1,1030
2,47,0,0,625
2,71,0,1,0
1,74,0,0,0
1,44,0,0,3456
2,68,0,1,0
1,27,0,0,0
2,59,0,1,0
2,44,0,0,0
2,24,0,0,0
1,88,0,0,4000
1,55,0,0,1017
1,38,0,1,0
1,31,0,0,578
1,86,0,1,109
1,29,0,1,1575
1,50,0,1,0
1,33,0,0,1414
2,47,0,0,101
1,38,0,0,0
1,42,0,0,385
2,23,0,0,0
2,40,0,0,1037
2,45,0,0,504
1,75,0,0,1527
1,61,0,0,0
1,48,0,0,0
2,66,0,1,0
1,33,0,0,1244
1,28,0,0,0
1,20,0,0,0
1,80,0,1,0
1,28,0,0,0
1,70,0,0,1075
1,35,0,0,711
1,33,0,0,2196
1,20,0,0,0
1,75,0,1,0
1,38,0,0,0
1,73,0,1,2005
1,78,0,1,226
1,49,0,1,1802
1,29,0,0,0
1,55,0,1,0
2,71,0,1,1683
1,34,0,0,0
1,46,0,0,0
1,34,0,1,1139
1,30,0,0,1673
2,80,0,1,0
2,32,0,0,0
2,53,0,0,1776
2,55,0,1,1348
2,45,0,1,24
1,42,0,1,0
1,69,0,1,0
1,96,0,0,1108
1,34,0,1,0
2,69,0,1,1185
1,70,0,1,0
1,51,0,0,0
1,70,0,1,442
1,78,0,1,1244
1,74,0,0,0
2,46,0,1,4000
1,28,0,0,0
2,42,0,0,1712
1,43,0,0,0
1,57,0,0,0
1,35,0,0,0
1,50,0,1,0
1,57,0,0,653
2,31,0,0,0
1,53,0,0,0
1,74,0,0,295
1,42,0,0,1245
1,74,0,1,0
1,88,0,0,1803
2,57,0,0,1372
1,22,0,0,0
1,30,0,1,992
2,78,0,1,0
1,25,0,0,335
1,41,0,1,0
1,64,0,1,2301
1,86,0,1,159
1,80,0,1,0
1,55,0,1,640
1,46,0,1,953
1,28,0,0,2852
1,79,0,1,0
2,42,0,1,1547
1,23,0,0,3992
1,42,0,0,0
1,22,0,0,1623
2,81,0,1,0
1,88,0,0,0
1,20,0,0,0
1,49,0,1,0
1,35,0,0,1123
1,39,0,1,0
2,48,0,1,1504
1,72,0,1,0
1,47,0,0,2637
2,52,0,1,0
1,74,0,1,0
2,35,0,1,1588
1,74,0,1,0
1,29,0,0,2557
1,32,0,0,1476
1,88,0,0,1451
2,34,0,1,0
1,68,0,1,2520
1,51,0,0,0
1,29,0,0,0
2,58,0,0,3853
1,60,0,1,59
1,58,0,1,0
1,78,0,0,0
2,55,0,1,1225
1,38,0,0,0
1,55,0,0,0
1,30,0,0,1888
1,21,0,0,0
1,54,0,0,43
1,23,0,0,0
1,40,0,1,0
1,45,0,1,671
1,69,0,0,0
1,29,0,0,1654
2,36,0,1,0
2,60,0,1,0
1,45,0,0,0
1,55,0,1,0
1,67,0,1,970
1,88,0,0,4000
2,47,0,0,0
1,28,0,1,0
2,38,0,0,0
1,65,0,0,2372
2,40,0,1,0
2,41,0,0,0
2,69,0,0,1423
1,44,0,0,1651
1,77,0,1,0
1,63,0,1,525
1,25,0,0,0
1,45,0,0,0
1,35,0,0,2139
2,63,0,1,324
2,52,0,0,0
2,68,0,0,2303
1,21,0,0,427
1,84,0,1,820
2,69,0,0,0
1,40,0,0,3283
1,41,0,1,0
1,55,0,1,0
1,63,0,0,2729
1,53,0,0,0
1,38,0,0,0
2,37,0,0,0
1,25,0,0,0
1,61,0,0,1650
1,79,0,0,0
1,40,0,1,0
1,39,0,0,0
1,45,0,1,0
1,81,0,0,176
1,59,0,0,0
2,59,0,1,0
2,57,0,1,0
1,55,0,0,0
2,19,0,1,0
1,42,0,1,620
2,69,0,0,3524
2,42,0,0,207
1,55,0,0,0
1,21,0,0,0
1,31,0,0,0
1,36,0,0,2041
1,51,0,1,3921
1,51,0,0,0
1,60,0,1,1221
1,19,0,0,0
1,32,0,1,0
1,72,0,0,2870
1,76,0,1,1756
1,25,0,1,0
1,28,0,0,2032
1,59,0,0,0
1,24,0,0,1564
1,77,0,1,0
1,84,0,0,842
2,35,0,1,0
2,51,0,1,2165
1,34,0,0,0
1,58,0,0,669
2,35,0,1,0
1,24,0,0,4000
1,28,0,0,0
1,37,0,0,0
2,48,0,1,0
1,34,0,0,521
1,72,0,0,779
1,33,0,0,1203
1,29,0,0,0
1,27,0,1,0
1,52,0,1,1778
2,69,0,0,0
1,42,0,1,4000
1,53,0,0,0
1,31,0,1,0
1,39,0,0,0
1,85,0,0,0
1,52,0,1,1024
1,30,0,0,402
1,46,0,0,0
1,43,0,1,0
1,32,0,0,0
1,84,0,1,0
2,68,0,1,0
1,80,0,1,0
1,29,0,1,0
2,75,0,0,0
2,49,0,1,0
2,66,0,1,1635
1,40,0,0,0
1,47,0,0,2811
1,46,0,0,0
1,65,0,0,1149
1,20,0,1,2446
1,89,0,0,0
1,26,0,0,0
1,30,0,0,0
1,26,0,0,2714
1,45,0,0,412
2,43,0,0,0
2,73,0,1,0
1,35,0,0,0
1,42,0,0,0
1,47,0,1,339
2,40,0,0,0
1,43,0,1,0
1,81,0,1,0
1,39,0,0,859
1,54,0,1,1937
1,45,0,1,580
1,67,0,0,1025
1,33,0,0,1025
1,65,0,0,2411
1,61,0,1,0
2,55,0,0,144
2,43,0,1,2515
1,45,0,1,3228
1,24,0,0,654
1,61,0,1,0
1,36,0,0,0
1,35,0,0,0
2,73,0,1,4000
1,40,0,0,0
2,28,0,1,3321
1,35,0,0,0
1,50,0,0,0
1,60,0,1,0
1,41,0,0,0
2,58,0,0,1058
1,58,0,1,1837
2,48,0,1,0
2,64,0,1,0
1,81,0,0,0
2,66,0,1,494
2,46,0,1,498
1,31,0,0,1189
1,38,0,1,0
1,35,0,0,0
1,54,0,1,951
1,21,0,0,0
2,75,0,0,1442
1,37,0,0,432
2,45,0,1,0
2,53,0,1,670
2,58,0,0,0
2,65,0,1,1004
2,30,0,1,268
2,72,0,1,38
1,35,0,1,0
1,76,0,1,2722
1,52,0,1,2203
1,65,0,1,1606
1,56,0,1,626
1,53,0,0,595
2,71,0,1,0
2,80,0,1,343
1,58,0,1,0
1,37,0,0,0
1,41,0,1,0
1,72,0,1,2135
1,70,0,1,0
2,48,0,1,0
2,53,0,0,0
1,66,0,1,3451
2,52,0,1,0
1,70,0,1,3819
1,48,0,1,0
1,63,0,1,1724
1,49,0,1,0
1,28,0,0,3691
1,61,0,1,0
1,54,0,1,29
1,29,0,0,0
1,53,0,0,0
2,76,0,1,0
1,74,0,1,0
